model,replicate,lag,realization_count,predicted_msd,observed_msd,predicted_msd_mc_se,predicted_ngp,observed_ngp,predicted_ngp_mc_se,microdynamic_closure_claim_allowed,spatial_facilitation_claim_allowed,thermodynamic_claim_allowed,msd_relative_error,ngp_absolute_error,predicted_fs_k2,observed_fs_k2,absolute_error_fs_k2,predicted_fs_k2_mc_se,predicted_fs_k4,observed_fs_k4,absolute_error_fs_k4,predicted_fs_k4_mc_se,predicted_fs_k7p25,observed_fs_k7p25,absolute_error_fs_k7p25,predicted_fs_k7p25_mc_se,temperature,calibration_time,block_size,radial_bin_count,required_realizations_per_replicate,surrogate_base_seed,calibration_events_only,external_cage_channel_used,calibration_cage_residual_transfer,heldout_events_used_in_calibration,heldout_cage_residual_used_in_prediction,macro_fit_parameter_count,calibration_residual_source,heldout_target_source,debye_waller_source
anchor_aware_semi_markov,1.0,20.0,16.0,0.04480120904860957,0.039439034265083064,1.9204500674006738e-05,0.8320671050951765,0.6894572448102572,0.003725991705043043,0.0,0.0,0.0,0.13596110765505864,0.1426098602849193,0.970917805072371,0.9742726065504118,0.003354801478040792,1.1533031871303747e-05,0.8918334486414614,0.9031194881740169,0.01128603953255547,3.5644983306672583e-05,0.7035985419633164,0.7273620752980499,0.023763533334733467,6.0425384676351636e-05,0.45,5000.0,20.0,8.0,16.0,84031.0,1.0,1.0,1.0,0.0,0.0,0.0,data/renewal_cage_ka_replicates_T045_calibration_event_channels_factorization_rows.csv,data/renewal_cage_ka_replicates_T045_event_oracle_factorization_rows.csv,data/renewal_cage_ka_replicates_T045_debye_waller_heldout_replicates.csv
anchor_aware_semi_markov,1.0,100.0,16.0,0.07558456608319829,0.0570676716703697,7.632053449633753e-05,1.5953762637041535,1.6297339342658397,0.016677214649235182,0.0,0.0,0.0,0.32447257564290655,0.03435767056168615,0.9525534511703406,0.9637263303218477,0.011172879151507109,4.071731812226067e-05,0.8357286063808969,0.8712844740845151,0.035555867703618294,0.00011012095646491965,0.6022004657906752,0.6701586799370863,0.06795821414641112,0.00015666329963299357,0.45,5000.0,20.0,8.0,16.0,84031.0,1.0,1.0,1.0,0.0,0.0,0.0,data/renewal_cage_ka_replicates_T045_calibration_event_channels_factorization_rows.csv,data/renewal_cage_ka_replicates_T045_event_oracle_factorization_rows.csv,data/renewal_cage_ka_replicates_T045_debye_waller_heldout_replicates.csv
anchor_aware_semi_markov,1.0,200.0,16.0,0.10890691077689785,0.07543971565197483,0.00016584223204666915,1.9757730317890911,2.0528096750212144,0.03645553724453542,0.0,0.0,0.0,0.44362833072326047,0.07703664323212323,0.9338811893542353,0.9531991465279716,0.0193179571737363,7.278928172043531e-05,0.7844921264856309,0.8424536039827798,0.05796147749714886,0.00017561675908968745,0.524668860877448,0.6251232912663965,0.10045443038894852,0.00021936744743932308,0.45,5000.0,20.0,8.0,16.0,84031.0,1.0,1.0,1.0,0.0,0.0,0.0,data/renewal_cage_ka_replicates_T045_calibration_event_channels_factorization_rows.csv,data/renewal_cage_ka_replicates_T045_event_oracle_factorization_rows.csv,data/renewal_cage_ka_replicates_T045_debye_waller_heldout_replicates.csv
anchor_aware_semi_markov,1.0,500.0,16.0,0.2038340505220817,0.12726889615088294,0.0004452147380095525,2.382729211372901,2.240207131422164,0.07442105484014898,0.0,0.0,0.0,0.601601464983458,0.14252207995073674,0.8853880119483029,0.9252086699236458,0.039820657975342955,0.00017160048391635615,0.669009854964904,0.7741688168233672,0.1051589618584633,0.00032197610398779425,0.38425116256912123,0.533395281820343,0.14914411925122179,0.00027965246805494823,0.45,5000.0,20.0,8.0,16.0,84031.0,1.0,1.0,1.0,0.0,0.0,0.0,data/renewal_cage_ka_replicates_T045_calibration_event_channels_factorization_rows.csv,data/renewal_cage_ka_replicates_T045_event_oracle_factorization_rows.csv,data/renewal_cage_ka_replicates_T045_debye_waller_heldout_replicates.csv
anchor_aware_semi_markov,1.0,1000.0,16.0,0.3582889130536754,0.21371648432894896,0.0010132488554348235,2.4807106984605114,2.035011317785304,0.10311857411118311,0.0,0.0,0.0,0.6764683088376229,0.4456993806752072,0.8164766151282866,0.8825336715723144,0.06605705644402782,0.0002898037979845095,0.536956271227123,0.6840225543370759,0.14706628310995296,0.0004290677916210782,0.2641060964326695,0.43196745142274323,0.1678613549900737,0.00037440779001079473,0.45,5000.0,20.0,8.0,16.0,84031.0,1.0,1.0,1.0,0.0,0.0,0.0,data/renewal_cage_ka_replicates_T045_calibration_event_channels_factorization_rows.csv,data/renewal_cage_ka_replicates_T045_event_oracle_factorization_rows.csv,data/renewal_cage_ka_replicates_T045_debye_waller_heldout_replicates.csv
anchor_aware_semi_markov,1.0,2000.0,16.0,0.6636619280724003,0.38494087781746295,0.0026867484160750217,2.3921908208713347,1.5320813966552245,0.15584497789086862,0.0,0.0,0.0,0.7240619698152855,0.8601094242161103,0.7059274539444333,0.8061233874084176,0.10019593346398425,0.0006315577524738175,0.38168580548917946,0.5436221107653332,0.1619363052761537,0.0007890113801290303,0.16574957849120087,0.29754222992878293,0.13179265143758206,0.0005262506571305953,0.45,5000.0,20.0,8.0,16.0,84031.0,1.0,1.0,1.0,0.0,0.0,0.0,data/renewal_cage_ka_replicates_T045_calibration_event_channels_factorization_rows.csv,data/renewal_cage_ka_replicates_T045_event_oracle_factorization_rows.csv,data/renewal_cage_ka_replicates_T045_debye_waller_heldout_replicates.csv
anchor_aware_semi_markov,1.0,3000.0,16.0,0.9690860490871043,0.5507382500974113,0.005144059329545483,2.297919966229527,1.3301724324025965,0.15613835222924408,0.0,0.0,0.0,0.7596127541816791,0.9677475338269304,0.6198786363500499,0.7425593344166428,0.12268069806659287,0.0009489460913902418,0.2954143841198287,0.44897180267658227,0.1535574185567536,0.0009013966280052641,0.12644025988226895,0.22221602781950803,0.09577576793723908,0.0004949450313181459,0.45,5000.0,20.0,8.0,16.0,84031.0,1.0,1.0,1.0,0.0,0.0,0.0,data/renewal_cage_ka_replicates_T045_calibration_event_channels_factorization_rows.csv,data/renewal_cage_ka_replicates_T045_event_oracle_factorization_rows.csv,data/renewal_cage_ka_replicates_T045_debye_waller_heldout_replicates.csv
anchor_aware_semi_markov,2.0,20.0,16.0,0.04490922514174216,0.038152024480352674,1.461809711691426e-05,0.9183071306875876,0.6641054641430317,0.008379614460910683,0.0,0.0,0.0,0.17711250591352679,0.2542016665445559,0.970875071020581,0.975085284203826,0.004210213183244993,8.975490095418036e-06,0.8918006280714966,0.9059230562568693,0.014122428185372682,2.834664512642424e-05,0.7037488142451835,0.7335770580014349,0.02982824375625137,5.0811568639873814e-05,0.45,5000.0,20.0,8.0,16.0,84031.0,1.0,1.0,1.0,0.0,0.0,0.0,data/renewal_cage_ka_replicates_T045_calibration_event_channels_factorization_rows.csv,data/renewal_cage_ka_replicates_T045_event_oracle_factorization_rows.csv,data/renewal_cage_ka_replicates_T045_debye_waller_heldout_replicates.csv
anchor_aware_semi_markov,2.0,100.0,16.0,0.07690485811841685,0.052775278088095054,5.5694559902087834e-05,1.9367775661101019,1.6163795842344126,0.030620433150610797,0.0,0.0,0.0,0.45721369748243745,0.32039798187568924,0.951980709734658,0.9663158180281514,0.014335108293493382,3.140883261337023e-05,0.8342803617941941,0.8792594732386941,0.044979111444500064,9.183178996540408e-05,0.599672805873017,0.6847219017867405,0.08504909591372356,0.00014550380701770443,0.45,5000.0,20.0,8.0,16.0,84031.0,1.0,1.0,1.0,0.0,0.0,0.0,data/renewal_cage_ka_replicates_T045_calibration_event_channels_factorization_rows.csv,data/renewal_cage_ka_replicates_T045_event_oracle_factorization_rows.csv,data/renewal_cage_ka_replicates_T045_debye_waller_heldout_replicates.csv
anchor_aware_semi_markov,2.0,200.0,16.0,0.111832020524771,0.06724485325845257,0.00011618940047647343,2.502476739574639,2.1053026915279753,0.07376893380933176,0.0,0.0,0.0,0.6630569494285257,0.3971740480466637,0.9326938683429816,0.9579937366175421,0.025299868274560433,5.0405809008378554e-05,0.7814525406520791,0.8562828584879376,0.07483031783585847,0.0001478254280018458,0.5199590940673396,0.6480499865399985,0.1280908924726588,0.00023112204716243905,0.45,5000.0,20.0,8.0,16.0,84031.0,1.0,1.0,1.0,0.0,0.0,0.0,data/renewal_cage_ka_replicates_T045_calibration_event_channels_factorization_rows.csv,data/renewal_cage_ka_replicates_T045_event_oracle_factorization_rows.csv,data/renewal_cage_ka_replicates_T045_debye_waller_heldout_replicates.csv
anchor_aware_semi_markov,2.0,500.0,16.0,0.21012254976897643,0.1073797564638258,0.0004910056875245857,3.12113935373191,2.3654625478366693,0.15165738978795051,0.0,0.0,0.0,0.9568171570566257,0.7556768058952406,0.8832446161503418,0.9359506294503632,0.05270601330002145,0.00012348822886705413,0.6643248970481057,0.8005729633027215,0.13624806625461583,0.00028477953119434077,0.37907521774480935,0.5679871984961697,0.1889119807513604,0.0003593490494837734,0.45,5000.0,20.0,8.0,16.0,84031.0,1.0,1.0,1.0,0.0,0.0,0.0,data/renewal_cage_ka_replicates_T045_calibration_event_channels_factorization_rows.csv,data/renewal_cage_ka_replicates_T045_event_oracle_factorization_rows.csv,data/renewal_cage_ka_replicates_T045_debye_waller_heldout_replicates.csv
anchor_aware_semi_markov,2.0,1000.0,16.0,0.3704051050459388,0.171315127140714,0.0013271011017043316,3.2466301415542826,2.1878435702506227,0.18730601561749485,0.0,0.0,0.0,1.1621272518549821,1.05878657130366,0.8128477462895115,0.9031995585846249,0.09035181229511335,0.0002793377820614781,0.5312082183421479,0.7283672041708552,0.19715898582870728,0.00044084486651797393,0.2600213824112606,0.4797847508304132,0.21976336841915262,0.000465338636343413,0.45,5000.0,20.0,8.0,16.0,84031.0,1.0,1.0,1.0,0.0,0.0,0.0,data/renewal_cage_ka_replicates_T045_calibration_event_channels_factorization_rows.csv,data/renewal_cage_ka_replicates_T045_event_oracle_factorization_rows.csv,data/renewal_cage_ka_replicates_T045_debye_waller_heldout_replicates.csv
anchor_aware_semi_markov,2.0,2000.0,16.0,0.6923774185043094,0.30417451341716534,0.003529525108134254,3.3010163074501513,1.7285262993440798,0.27721406633987966,0.0,0.0,0.0,1.2762505994535336,1.5724900081060715,0.7003031557056971,0.8413429351086408,0.14103977940294365,0.0005800829932360833,0.3770129462721094,0.6109579893966665,0.23394504312455705,0.0006923768201335731,0.16211368503938106,0.3600406540179815,0.19792696897860046,0.0006562430498335766,0.45,5000.0,20.0,8.0,16.0,84031.0,1.0,1.0,1.0,0.0,0.0,0.0,data/renewal_cage_ka_replicates_T045_calibration_event_channels_factorization_rows.csv,data/renewal_cage_ka_replicates_T045_event_oracle_factorization_rows.csv,data/renewal_cage_ka_replicates_T045_debye_waller_heldout_replicates.csv
anchor_aware_semi_markov,2.0,3000.0,16.0,1.015567839091049,0.43061894250681476,0.005833015189937111,3.127487396668922,1.4125656124190522,0.2381737201778202,0.0,0.0,0.0,1.3583910015174894,1.7149217842498699,0.6129827221650495,0.7881757849378997,0.1751930627728503,0.0007691993964020034,0.2912058054066755,0.5238939683641092,0.23268816295743366,0.0008628485127820202,0.1207255331652925,0.28726954685338274,0.16654401368809024,0.0006115568975475538,0.45,5000.0,20.0,8.0,16.0,84031.0,1.0,1.0,1.0,0.0,0.0,0.0,data/renewal_cage_ka_replicates_T045_calibration_event_channels_factorization_rows.csv,data/renewal_cage_ka_replicates_T045_event_oracle_factorization_rows.csv,data/renewal_cage_ka_replicates_T045_debye_waller_heldout_replicates.csv
anchor_aware_semi_markov,3.0,20.0,16.0,0.04478426734554395,0.04088453535015432,1.942455632129571e-05,0.8871720049691749,0.6717795454013664,0.004169186551695594,0.0,0.0,0.0,0.0953840360906757,0.2153924595678085,0.9709488347000703,0.9733464399062582,0.002397605206187925,1.134541024925891e-05,0.892078533932852,0.8998300405768516,0.007751506643999595,3.344214670938527e-05,0.7045137698848218,0.719625334776794,0.015111564891972185,5.7254112030028007e-05,0.45,5000.0,20.0,8.0,16.0,84031.0,1.0,1.0,1.0,0.0,0.0,0.0,data/renewal_cage_ka_replicates_T045_calibration_event_channels_factorization_rows.csv,data/renewal_cage_ka_replicates_T045_event_oracle_factorization_rows.csv,data/renewal_cage_ka_replicates_T045_debye_waller_heldout_replicates.csv
anchor_aware_semi_markov,3.0,100.0,16.0,0.0771425183689114,0.06145764487131366,6.732551272097608e-05,1.6730338004336318,1.5290982774510748,0.014760511621616007,0.0,0.0,0.0,0.2552143599130805,0.14393552298255696,0.9517150265588025,0.9610112315857834,0.00929620502698092,3.748464535780675e-05,0.8337335786124925,0.862271216767361,0.028537638154868428,0.0001029342347499508,0.5999190819441212,0.6509038936949388,0.050984811750817594,0.00017164346777471165,0.45,5000.0,20.0,8.0,16.0,84031.0,1.0,1.0,1.0,0.0,0.0,0.0,data/renewal_cage_ka_replicates_T045_calibration_event_channels_factorization_rows.csv,data/renewal_cage_ka_replicates_T045_event_oracle_factorization_rows.csv,data/renewal_cage_ka_replicates_T045_debye_waller_heldout_replicates.csv
anchor_aware_semi_markov,3.0,200.0,16.0,0.11283768679564916,0.08291711479064671,0.00013268990357565228,2.0167662256819585,1.8615152201432474,0.030123681363602654,0.0,0.0,0.0,0.3608491694452636,0.15525100553871107,0.9318128018431221,0.9487120659775828,0.016899264134460745,7.280331189288913e-05,0.7795552466742708,0.8285185258267364,0.048963279152465566,0.00020156850961864224,0.5184699837474107,0.5978656138385857,0.079395630091175,0.0002830207483884902,0.45,5000.0,20.0,8.0,16.0,84031.0,1.0,1.0,1.0,0.0,0.0,0.0,data/renewal_cage_ka_replicates_T045_calibration_event_channels_factorization_rows.csv,data/renewal_cage_ka_replicates_T045_event_oracle_factorization_rows.csv,data/renewal_cage_ka_replicates_T045_debye_waller_heldout_replicates.csv
anchor_aware_semi_markov,3.0,500.0,16.0,0.21352230604465725,0.1442378852338565,0.000402410410114675,2.3668632180833264,1.8875616697620217,0.08176400465585001,0.0,0.0,0.0,0.48034828504638827,0.4793015483213048,0.8808436813452073,0.9154651401493429,0.034621458804135585,0.0002084092031486442,0.6599427815438186,0.746495797190644,0.08655301564682538,0.0004598114022668413,0.3749806506522947,0.4861965894302254,0.11121593877793073,0.0004193955709830993,0.45,5000.0,20.0,8.0,16.0,84031.0,1.0,1.0,1.0,0.0,0.0,0.0,data/renewal_cage_ka_replicates_T045_calibration_event_channels_factorization_rows.csv,data/renewal_cage_ka_replicates_T045_event_oracle_factorization_rows.csv,data/renewal_cage_ka_replicates_T045_debye_waller_heldout_replicates.csv
anchor_aware_semi_markov,3.0,1000.0,16.0,0.37820440425614016,0.24403309580251992,0.0010039198722129722,2.45198440846247,1.5499016636258744,0.13735424578950564,0.0,0.0,0.0,0.5498078365657268,0.9020827448365956,0.8088047143292996,0.8653976751912258,0.05659296086192622,0.0004274106858676413,0.5242076020464254,0.6394261790931611,0.11521857704673577,0.0007054779495970413,0.25333967198631263,0.3638800632295381,0.11054039124322546,0.0005554104757131953,0.45,5000.0,20.0,8.0,16.0,84031.0,1.0,1.0,1.0,0.0,0.0,0.0,data/renewal_cage_ka_replicates_T045_calibration_event_channels_factorization_rows.csv,data/renewal_cage_ka_replicates_T045_event_oracle_factorization_rows.csv,data/renewal_cage_ka_replicates_T045_debye_waller_heldout_replicates.csv
anchor_aware_semi_markov,3.0,2000.0,16.0,0.705420580150165,0.45236003499621646,0.0026793395579896634,2.3974207448497964,1.073065313621913,0.2076826900090025,0.0,0.0,0.0,0.5594228613853236,1.3243554312278834,0.6941447045151747,0.7710587368632903,0.07691403234811556,0.0006441356053472061,0.36746790453530476,0.47164946591635304,0.10418156138104828,0.0008177877238259453,0.15352282245019117,0.21085493819329598,0.05733211574310482,0.0005952399696755722,0.45,5000.0,20.0,8.0,16.0,84031.0,1.0,1.0,1.0,0.0,0.0,0.0,data/renewal_cage_ka_replicates_T045_calibration_event_channels_factorization_rows.csv,data/renewal_cage_ka_replicates_T045_event_oracle_factorization_rows.csv,data/renewal_cage_ka_replicates_T045_debye_waller_heldout_replicates.csv
anchor_aware_semi_markov,3.0,3000.0,16.0,1.0319443433566378,0.6472318283567606,0.005102358755419846,2.4466585954493323,0.8235015742528151,0.29548344014662475,0.0,0.0,0.0,0.5943967804806716,1.6231570211965172,0.6064718532455009,0.6922019467726407,0.08573009352713978,0.0007147913384758617,0.2821786517133333,0.3580006787434651,0.0758220270301318,0.0009359476781287897,0.11369139140032802,0.1294193663865033,0.015727974986175286,0.00046297343104340056,0.45,5000.0,20.0,8.0,16.0,84031.0,1.0,1.0,1.0,0.0,0.0,0.0,data/renewal_cage_ka_replicates_T045_calibration_event_channels_factorization_rows.csv,data/renewal_cage_ka_replicates_T045_event_oracle_factorization_rows.csv,data/renewal_cage_ka_replicates_T045_debye_waller_heldout_replicates.csv
state_schedule_without_anchor_geometry,1.0,20.0,16.0,0.045688251077056645,0.039439034265083064,2.1047733811827038e-05,0.960463055107698,0.6894572448102572,0.004619424978352807,0.0,0.0,0.0,0.15845258202750312,0.27100581029744086,0.9704084829856795,0.9742726065504118,0.0038641235647323136,1.2586807912373003e-05,0.890450104160747,0.9031194881740169,0.012669384013269891,3.900712768300496e-05,0.7017531946152594,0.7273620752980499,0.025608880682790436,6.665454930844347e-05,0.45,5000.0,20.0,8.0,16.0,84031.0,1.0,1.0,1.0,0.0,0.0,0.0,data/renewal_cage_ka_replicates_T045_calibration_event_channels_factorization_rows.csv,data/renewal_cage_ka_replicates_T045_event_oracle_factorization_rows.csv,data/renewal_cage_ka_replicates_T045_debye_waller_heldout_replicates.csv
state_schedule_without_anchor_geometry,1.0,100.0,16.0,0.08047220720670348,0.0570676716703697,0.00010670579856166573,1.834108202968224,1.6297339342658397,0.02046739723525389,0.0,0.0,0.0,0.41011898420390147,0.2043742687023844,0.949933845683315,0.9637263303218477,0.013792484638532776,5.8119608621520156e-05,0.8294585665763312,0.8712844740845151,0.041825907508183935,0.00014568647655671045,0.5952536764818939,0.6701586799370863,0.07490500345519246,0.00019383081516115855,0.45,5000.0,20.0,8.0,16.0,84031.0,1.0,1.0,1.0,0.0,0.0,0.0,data/renewal_cage_ka_replicates_T045_calibration_event_channels_factorization_rows.csv,data/renewal_cage_ka_replicates_T045_event_oracle_factorization_rows.csv,data/renewal_cage_ka_replicates_T045_debye_waller_heldout_replicates.csv
state_schedule_without_anchor_geometry,1.0,200.0,16.0,0.11763530535730615,0.07543971565197483,0.0002076213651602794,2.204230149921215,2.0528096750212144,0.03846551356584758,0.0,0.0,0.0,0.559328588935724,0.15142047490000055,0.929510377753491,0.9531991465279716,0.023688768774480562,9.99090303133099e-05,0.7750274773333501,0.8424536039827798,0.06742612664942971,0.0002273140522181354,0.5157144882231393,0.6251232912663965,0.10940880304325729,0.0002803282665365426,0.45,5000.0,20.0,8.0,16.0,84031.0,1.0,1.0,1.0,0.0,0.0,0.0,data/renewal_cage_ka_replicates_T045_calibration_event_channels_factorization_rows.csv,data/renewal_cage_ka_replicates_T045_event_oracle_factorization_rows.csv,data/renewal_cage_ka_replicates_T045_debye_waller_heldout_replicates.csv
state_schedule_without_anchor_geometry,1.0,500.0,16.0,0.2207733621940589,0.12726889615088294,0.0005047449711394874,2.6317233493376833,2.240207131422164,0.11285450413638662,0.0,0.0,0.0,0.7347000631821483,0.39151621791551916,0.8781106608950628,0.9252086699236458,0.047098009028582966,0.00020384582123055616,0.6562798397198141,0.7741688168233672,0.11788897710355317,0.0004054805139018044,0.37563067103366465,0.533395281820343,0.15776461078667836,0.0004199500786302341,0.45,5000.0,20.0,8.0,16.0,84031.0,1.0,1.0,1.0,0.0,0.0,0.0,data/renewal_cage_ka_replicates_T045_calibration_event_channels_factorization_rows.csv,data/renewal_cage_ka_replicates_T045_event_oracle_factorization_rows.csv,data/renewal_cage_ka_replicates_T045_debye_waller_heldout_replicates.csv
state_schedule_without_anchor_geometry,1.0,1000.0,16.0,0.3856470445988275,0.21371648432894896,0.0011117514321554564,2.822707475927913,2.035011317785304,0.16931476563850117,0.0,0.0,0.0,0.8044796395080398,0.7876961581426087,0.8070086989381746,0.8825336715723144,0.07552497263413982,0.0003048691877704838,0.5244367980675633,0.6840225543370759,0.15958575626951266,0.0005236432522127202,0.2588664304415697,0.43196745142274323,0.17310102098117353,0.00044991251151574665,0.45,5000.0,20.0,8.0,16.0,84031.0,1.0,1.0,1.0,0.0,0.0,0.0,data/renewal_cage_ka_replicates_T045_calibration_event_channels_factorization_rows.csv,data/renewal_cage_ka_replicates_T045_event_oracle_factorization_rows.csv,data/renewal_cage_ka_replicates_T045_debye_waller_heldout_replicates.csv
state_schedule_without_anchor_geometry,1.0,2000.0,16.0,0.7105772894003699,0.38494087781746295,0.0035050512611993277,2.9276782464509847,1.5320813966552245,0.20572484526644352,0.0,0.0,0.0,0.8459387670885972,1.3955968497957603,0.6953294487545092,0.8061233874084176,0.11079393865390841,0.0007549410017964373,0.3731510475535011,0.5436221107653332,0.17047106321183209,0.0008691441197944054,0.16438452065301898,0.29754222992878293,0.13315770927576395,0.0006176335561147937,0.45,5000.0,20.0,8.0,16.0,84031.0,1.0,1.0,1.0,0.0,0.0,0.0,data/renewal_cage_ka_replicates_T045_calibration_event_channels_factorization_rows.csv,data/renewal_cage_ka_replicates_T045_event_oracle_factorization_rows.csv,data/renewal_cage_ka_replicates_T045_debye_waller_heldout_replicates.csv
state_schedule_without_anchor_geometry,1.0,3000.0,16.0,1.0334831006875167,0.5507382500974113,0.006495219027650144,2.7357244838313424,1.3301724324025965,0.18893707470317633,0.0,0.0,0.0,0.876541352456853,1.4055520514287458,0.609273868289446,0.7425593344166428,0.13328546612719683,0.0011105547372418612,0.2903126657231352,0.44897180267658227,0.15865913695344708,0.0010342014425528917,0.12676829435726866,0.22221602781950803,0.09544773346223936,0.0007032578543271743,0.45,5000.0,20.0,8.0,16.0,84031.0,1.0,1.0,1.0,0.0,0.0,0.0,data/renewal_cage_ka_replicates_T045_calibration_event_channels_factorization_rows.csv,data/renewal_cage_ka_replicates_T045_event_oracle_factorization_rows.csv,data/renewal_cage_ka_replicates_T045_debye_waller_heldout_replicates.csv
state_schedule_without_anchor_geometry,2.0,20.0,16.0,0.04585728048827082,0.038152024480352674,1.5535787653477607e-05,1.1024607090420608,0.6641054641430317,0.015648281886965064,0.0,0.0,0.0,0.2019619171686724,0.4383552448990291,0.9703435172620294,0.975085284203826,0.004741766941796621,8.213922284409279e-06,0.8903782867320376,0.9059230562568693,0.015544769524831747,2.5176744595122248e-05,0.701827901083492,0.7335770580014349,0.03174915691794289,4.290874062534166e-05,0.45,5000.0,20.0,8.0,16.0,84031.0,1.0,1.0,1.0,0.0,0.0,0.0,data/renewal_cage_ka_replicates_T045_calibration_event_channels_factorization_rows.csv,data/renewal_cage_ka_replicates_T045_event_oracle_factorization_rows.csv,data/renewal_cage_ka_replicates_T045_debye_waller_heldout_replicates.csv
state_schedule_without_anchor_geometry,2.0,100.0,16.0,0.08210853107247038,0.052775278088095054,9.288779286798732e-05,2.4519241794558484,1.6163795842344126,0.07080739212447104,0.0,0.0,0.0,0.5558142760595375,0.8355445952214358,0.9493241245687697,0.9663158180281514,0.016991693459381674,3.724558978624937e-05,0.8279211208919399,0.8792594732386941,0.05133835234675421,8.687631770386637e-05,0.5926132222995366,0.6847219017867405,0.09210867948720391,0.0001262666030404759,0.45,5000.0,20.0,8.0,16.0,84031.0,1.0,1.0,1.0,0.0,0.0,0.0,data/renewal_cage_ka_replicates_T045_calibration_event_channels_factorization_rows.csv,data/renewal_cage_ka_replicates_T045_event_oracle_factorization_rows.csv,data/renewal_cage_ka_replicates_T045_debye_waller_heldout_replicates.csv
state_schedule_without_anchor_geometry,2.0,200.0,16.0,0.12115121582401189,0.06724485325845257,0.0001925756070238286,3.168535753894542,2.1053026915279753,0.10437413199126462,0.0,0.0,0.0,0.8016429504035445,1.0632330623665665,0.9283215881164072,0.9579937366175421,0.029672148501134865,7.113080409971125e-05,0.7718667322475208,0.8562828584879376,0.08441612624041683,0.0001527813113385411,0.5108107551988005,0.6480499865399985,0.13723923134119798,0.00020246631267350349,0.45,5000.0,20.0,8.0,16.0,84031.0,1.0,1.0,1.0,0.0,0.0,0.0,data/renewal_cage_ka_replicates_T045_calibration_event_channels_factorization_rows.csv,data/renewal_cage_ka_replicates_T045_event_oracle_factorization_rows.csv,data/renewal_cage_ka_replicates_T045_debye_waller_heldout_replicates.csv
state_schedule_without_anchor_geometry,2.0,500.0,16.0,0.2286861708968329,0.1073797564638258,0.0005139825838152237,4.060712235776702,2.3654625478366693,0.16538765399467684,0.0,0.0,0.0,1.129695376743315,1.6952496879400325,0.8758272587369734,0.9359506294503632,0.0601233707133898,0.00017070510951675935,0.6512164617207461,0.8005729633027215,0.14935650158197544,0.0003050091707913259,0.3698718653393977,0.5679871984961697,0.19811533315677204,0.000313963862108458,0.45,5000.0,20.0,8.0,16.0,84031.0,1.0,1.0,1.0,0.0,0.0,0.0,data/renewal_cage_ka_replicates_T045_calibration_event_channels_factorization_rows.csv,data/renewal_cage_ka_replicates_T045_event_oracle_factorization_rows.csv,data/renewal_cage_ka_replicates_T045_debye_waller_heldout_replicates.csv
state_schedule_without_anchor_geometry,2.0,1000.0,16.0,0.400363717938507,0.171315127140714,0.0015841063548053319,4.291969874561175,2.1878435702506227,0.33086846413346616,0.0,0.0,0.0,1.3370015515889508,2.1041263043105527,0.8032500180926256,0.9031995585846249,0.09994954049199922,0.0003862078570259125,0.518314273938592,0.7283672041708552,0.21005293023226324,0.0006079866371243735,0.25410094003074335,0.4797847508304132,0.22568381079966987,0.0004712267086899879,0.45,5000.0,20.0,8.0,16.0,84031.0,1.0,1.0,1.0,0.0,0.0,0.0,data/renewal_cage_ka_replicates_T045_calibration_event_channels_factorization_rows.csv,data/renewal_cage_ka_replicates_T045_event_oracle_factorization_rows.csv,data/renewal_cage_ka_replicates_T045_debye_waller_heldout_replicates.csv
state_schedule_without_anchor_geometry,2.0,2000.0,16.0,0.7379425148172298,0.30417451341716534,0.004562089106768233,4.156809970480121,1.7285262993440798,0.4773192841638736,0.0,0.0,0.0,1.4260497913747492,2.4282836711360414,0.6890756182067503,0.8413429351086408,0.15226731690189044,0.0008268026963141925,0.3674241818925787,0.6109579893966665,0.24353380750408776,0.000840410143800648,0.16021148661546436,0.3600406540179815,0.19982916740251716,0.0006472178094343762,0.45,5000.0,20.0,8.0,16.0,84031.0,1.0,1.0,1.0,0.0,0.0,0.0,data/renewal_cage_ka_replicates_T045_calibration_event_channels_factorization_rows.csv,data/renewal_cage_ka_replicates_T045_event_oracle_factorization_rows.csv,data/renewal_cage_ka_replicates_T045_debye_waller_heldout_replicates.csv
state_schedule_without_anchor_geometry,2.0,3000.0,16.0,1.0746043331800141,0.43061894250681476,0.008277245363184341,3.8863698133276205,1.4125656124190522,0.5161992095772069,0.0,0.0,0.0,1.4954878364715878,2.4738042009085683,0.6011923634253364,0.7881757849378997,0.1869834215125633,0.00126187435078995,0.28481320322348685,0.5238939683641092,0.23908076514062232,0.0010121792655501264,0.12094179760018486,0.28726954685338274,0.16632774925319788,0.0007647828927217559,0.45,5000.0,20.0,8.0,16.0,84031.0,1.0,1.0,1.0,0.0,0.0,0.0,data/renewal_cage_ka_replicates_T045_calibration_event_channels_factorization_rows.csv,data/renewal_cage_ka_replicates_T045_event_oracle_factorization_rows.csv,data/renewal_cage_ka_replicates_T045_debye_waller_heldout_replicates.csv
state_schedule_without_anchor_geometry,3.0,20.0,16.0,0.045735227537310644,0.04088453535015432,2.284075228749178e-05,1.0373100196824243,0.6717795454013664,0.005406522611612432,0.0,0.0,0.0,0.11864369120531082,0.3655304742810579,0.9704055471949558,0.9733464399062582,0.0029408927113024896,1.3609222251022456e-05,0.8906030619415144,0.8998300405768516,0.009226978635337169,3.952867507733588e-05,0.7025220868025706,0.719625334776794,0.017103247974223468,6.024296676907811e-05,0.45,5000.0,20.0,8.0,16.0,84031.0,1.0,1.0,1.0,0.0,0.0,0.0,data/renewal_cage_ka_replicates_T045_calibration_event_channels_factorization_rows.csv,data/renewal_cage_ka_replicates_T045_event_oracle_factorization_rows.csv,data/renewal_cage_ka_replicates_T045_debye_waller_heldout_replicates.csv
state_schedule_without_anchor_geometry,3.0,100.0,16.0,0.08225305700308516,0.06145764487131366,0.0001257627610113698,1.9696535221027196,1.5290982774510748,0.024298910710269215,0.0,0.0,0.0,0.33836981835726165,0.44055524465164475,0.9490223567961678,0.9610112315857834,0.011988874789615633,6.0760128718016044e-05,0.8272618648381863,0.862271216767361,0.03500935192917465,0.00014247340083178785,0.5925483743339834,0.6509038936949388,0.0583555193609554,0.00017183634329965614,0.45,5000.0,20.0,8.0,16.0,84031.0,1.0,1.0,1.0,0.0,0.0,0.0,data/renewal_cage_ka_replicates_T045_calibration_event_channels_factorization_rows.csv,data/renewal_cage_ka_replicates_T045_event_oracle_factorization_rows.csv,data/renewal_cage_ka_replicates_T045_debye_waller_heldout_replicates.csv
state_schedule_without_anchor_geometry,3.0,200.0,16.0,0.1218063777755595,0.08291711479064671,0.0002575006059400791,2.2978502408049004,1.8615152201432474,0.044169087596232885,0.0,0.0,0.0,0.46901370221458305,0.436335020661653,0.9274252664469149,0.9487120659775828,0.02128679953066792,0.00010942803993681831,0.7699664991524519,0.8285185258267364,0.058552026674284496,0.0002573016590929014,0.5089864012407168,0.5978656138385857,0.0888792125978689,0.00028424974534203287,0.45,5000.0,20.0,8.0,16.0,84031.0,1.0,1.0,1.0,0.0,0.0,0.0,data/renewal_cage_ka_replicates_T045_calibration_event_channels_factorization_rows.csv,data/renewal_cage_ka_replicates_T045_event_oracle_factorization_rows.csv,data/renewal_cage_ka_replicates_T045_debye_waller_heldout_replicates.csv
state_schedule_without_anchor_geometry,3.0,500.0,16.0,0.2305806825875753,0.1442378852338565,0.0007592676398949687,2.5539173286368713,1.8875616697620217,0.07702383956973939,0.0,0.0,0.0,0.5986138608017517,0.6663556588748496,0.8737323918604712,0.9154651401493429,0.041732748288871635,0.00024568830027009686,0.6474338624043767,0.746495797190644,0.09906193478626724,0.00047067849400207995,0.3654498435817378,0.4861965894302254,0.1207467458484876,0.00043727569088588425,0.45,5000.0,20.0,8.0,16.0,84031.0,1.0,1.0,1.0,0.0,0.0,0.0,data/renewal_cage_ka_replicates_T045_calibration_event_channels_factorization_rows.csv,data/renewal_cage_ka_replicates_T045_event_oracle_factorization_rows.csv,data/renewal_cage_ka_replicates_T045_debye_waller_heldout_replicates.csv
state_schedule_without_anchor_geometry,3.0,1000.0,16.0,0.4047840150790257,0.24403309580251992,0.0018841745470387931,2.5406597802898445,1.5499016636258744,0.10940622048615568,0.0,0.0,0.0,0.658725894321281,0.9907581166639701,0.7996887827162401,0.8653976751912258,0.06570889247498568,0.0004597542121633627,0.5119780715096596,0.6394261790931611,0.12744810758350156,0.0007417896706742397,0.24657362101146096,0.3638800632295381,0.11730644221807712,0.0004908217370932141,0.45,5000.0,20.0,8.0,16.0,84031.0,1.0,1.0,1.0,0.0,0.0,0.0,data/renewal_cage_ka_replicates_T045_calibration_event_channels_factorization_rows.csv,data/renewal_cage_ka_replicates_T045_event_oracle_factorization_rows.csv,data/renewal_cage_ka_replicates_T045_debye_waller_heldout_replicates.csv
state_schedule_without_anchor_geometry,3.0,2000.0,16.0,0.7443927997069306,0.45236003499621646,0.004037646005347473,2.433517838549145,1.073065313621913,0.1530628125016904,0.0,0.0,0.0,0.6455759618843355,1.360452524927232,0.6842365604429631,0.7710587368632903,0.08682217642032719,0.0007875302571219619,0.35782144296787816,0.47164946591635304,0.11382802294847488,0.0010108163373231613,0.15007460053526325,0.21085493819329598,0.06078033765803273,0.0007150778716941818,0.45,5000.0,20.0,8.0,16.0,84031.0,1.0,1.0,1.0,0.0,0.0,0.0,data/renewal_cage_ka_replicates_T045_calibration_event_channels_factorization_rows.csv,data/renewal_cage_ka_replicates_T045_event_oracle_factorization_rows.csv,data/renewal_cage_ka_replicates_T045_debye_waller_heldout_replicates.csv
state_schedule_without_anchor_geometry,3.0,3000.0,16.0,1.0847501861310826,0.6472318283567606,0.00698185913018039,2.3207903063278654,0.8235015742528151,0.171432995822578,0.0,0.0,0.0,0.6759839961596537,1.4972887320750503,0.5963667817257599,0.6922019467726407,0.09583516504688083,0.0012300017740945785,0.2751829652202386,0.3580006787434651,0.08281771352322648,0.0012457105302752132,0.11157313488568091,0.1294193663865033,0.0178462315008224,0.0006941487245150508,0.45,5000.0,20.0,8.0,16.0,84031.0,1.0,1.0,1.0,0.0,0.0,0.0,data/renewal_cage_ka_replicates_T045_calibration_event_channels_factorization_rows.csv,data/renewal_cage_ka_replicates_T045_event_oracle_factorization_rows.csv,data/renewal_cage_ka_replicates_T045_debye_waller_heldout_replicates.csv
