temperature_label,temperature,inverse_temperature_shift,scaled_time,alpha_shape,reference_alpha_shape,log_shape_residual,shape_control,reference_control,tau_alpha_over_delay,rms_log_shape_residual,max_abs_log_shape_residual
T=1.00,1.0,0.0,0.15,0.03068674806543564,0.03068674806543564,0.0,0.2071908709673636,0.2071908709673636,6.322879550497345,0.0,0.0
T=1.00,1.0,0.0,0.15277685473342037,0.032067293119498304,0.032067293119498304,0.0,0.2071908709673636,0.2071908709673636,6.322879550497345,0.0,0.0
T=1.00,1.0,0.0,0.15560511561491083,0.03350434952328236,0.03350434952328236,0.0,0.2071908709673636,0.2071908709673636,6.322879550497345,0.0,0.0
T=1.00,1.0,0.0,0.15848573429384208,0.03499989444059415,0.03499989444059415,0.0,0.2071908709673636,0.2071908709673636,6.322879550497345,0.0,0.0
T=1.00,1.0,0.0,0.16141968003686513,0.03655595505993616,0.03655595505993616,0.0,0.2071908709673636,0.2071908709673636,6.322879550497345,0.0,0.0
T=1.00,1.0,0.0,0.16440794005404888,0.03817460882101672,0.03817460882101672,0.0,0.2071908709673636,0.2071908709673636,6.322879550497345,0.0,0.0
T=1.00,1.0,0.0,0.1674515198310554,0.03985798358273672,0.03985798358273672,0.0,0.2071908709673636,0.2071908709673636,6.322879550497345,0.0,0.0
T=1.00,1.0,0.0,0.1705514434674641,0.04160825773015479,0.04160825773015479,0.0,0.2071908709673636,0.2071908709673636,6.322879550497345,0.0,0.0
T=1.00,1.0,0.0,0.17370875402135943,0.04342766021803934,0.04342766021803934,0.0,0.2071908709673636,0.2071908709673636,6.322879550497345,0.0,0.0
T=1.00,1.0,0.0,0.17692451386029784,0.04531847054873688,0.04531847054873688,0.0,0.2071908709673636,0.2071908709673636,6.322879550497345,0.0,0.0
T=1.00,1.0,0.0,0.1801998050187716,0.047283018682229006,0.047283018682229006,0.0,0.2071908709673636,0.2071908709673636,6.322879550497345,0.0,0.0
T=1.00,1.0,0.0,0.1835357295622903,0.04932368487641451,0.04932368487641451,0.0,0.2071908709673636,0.2071908709673636,6.322879550497345,0.0,0.0
T=1.00,1.0,0.0,0.18693340995820235,0.051442899455835155,0.051442899455835155,0.0,0.2071908709673636,0.2071908709673636,6.322879550497345,0.0,0.0
T=1.00,1.0,0.0,0.19039398945338126,0.053643142507268905,0.053643142507268905,0.0,0.2071908709673636,0.2071908709673636,6.322879550497345,0.0,0.0
T=1.00,1.0,0.0,0.19391863245890398,0.05592694350084061,0.05592694350084061,0.0,0.2071908709673636,0.2071908709673636,6.322879550497345,0.0,0.0
T=1.00,1.0,0.0,0.19750852494185006,0.05829688083554774,0.05829688083554774,0.0,0.2071908709673636,0.2071908709673636,6.322879550497345,0.0,0.0
T=1.00,1.0,0.0,0.20116487482435436,0.06075558130837063,0.06075558130837063,0.0,0.2071908709673636,0.2071908709673636,6.322879550497345,0.0,0.0
T=1.00,1.0,0.0,0.20488891239004717,0.06330571950642637,0.06330571950642637,0.0,0.2071908709673636,0.2071908709673636,6.322879550497345,0.0,0.0
T=1.00,1.0,0.0,0.2086818906980182,0.0659500171219405,0.0659500171219405,0.0,0.2071908709673636,0.2071908709673636,6.322879550497345,0.0,0.0
T=1.00,1.0,0.0,0.21254508600444416,0.06869124219014681,0.06869124219014681,0.0,0.2071908709673636,0.2071908709673636,6.322879550497345,0.0,0.0
T=1.00,1.0,0.0,0.21647979819202204,0.0715322082505817,0.0715322082505817,0.0,0.2071908709673636,0.2071908709673636,6.322879550497345,0.0,0.0
T=1.00,1.0,0.0,0.22048735120735138,0.07447577343261431,0.07447577343261431,0.0,0.2071908709673636,0.2071908709673636,6.322879550497345,0.0,0.0
T=1.00,1.0,0.0,0.22456909350641435,0.0775248394664525,0.0775248394664525,0.0,0.2071908709673636,0.2071908709673636,6.322879550497345,0.0,0.0
T=1.00,1.0,0.0,0.2287263985083024,0.08068235062127896,0.08068235062127896,0.0,0.2071908709673636,0.2071908709673636,6.322879550497345,0.0,0.0
T=1.00,1.0,0.0,0.23296066505734223,0.08395129257260109,0.08395129257260109,0.0,0.2071908709673636,0.2071908709673636,6.322879550497345,0.0,0.0
T=1.00,1.0,0.0,0.23727331789377706,0.08733469120134808,0.08733469120134808,0.0,0.2071908709673636,0.2071908709673636,6.322879550497345,0.0,0.0
T=1.00,1.0,0.0,0.24166580813316169,0.09083561132770873,0.09083561132770873,0.0,0.2071908709673636,0.2071908709673636,6.322879550497345,0.0,0.0
T=1.00,1.0,0.0,0.2461396137546312,0.09445715538317419,0.09445715538317419,0.0,0.2071908709673636,0.2071908709673636,6.322879550497345,0.0,0.0
T=1.00,1.0,0.0,0.2506962400982099,0.0982024620247367,0.0982024620247367,0.0,0.2071908709673636,0.2071908709673636,6.322879550497345,0.0,0.0
T=1.00,1.0,0.0,0.25533722037132595,0.10207470469567949,0.10207470469567949,0.0,0.2071908709673636,0.2071908709673636,6.322879550497345,0.0,0.0
T=1.00,1.0,0.0,0.26006411616470265,0.10607709013789114,0.10607709013789114,0.0,0.2071908709673636,0.2071908709673636,6.322879550497345,0.0,0.0
T=1.00,1.0,0.0,0.26487851797780093,0.11021285686113128,0.11021285686113128,0.0,0.2071908709673636,0.2071908709673636,6.322879550497345,0.0,0.0
T=1.00,1.0,0.0,0.2697820457539878,0.11448527357516815,0.11448527357516815,0.0,0.2071908709673636,0.2071908709673636,6.322879550497345,0.0,0.0
T=1.00,1.0,0.0,0.27477634942561296,0.11889763759119998,0.11889763759119998,0.0,0.2071908709673636,0.2071908709673636,6.322879550497345,0.0,0.0
T=1.00,1.0,0.0,0.2798631094691762,0.12345327319945043,0.12345327319945043,0.0,0.2071908709673636,0.2071908709673636,6.322879550497345,0.0,0.0
T=1.00,1.0,0.0,0.285044037470771,0.1281555300302988,0.1281555300302988,0.0,0.2071908709673636,0.2071908709673636,6.322879550497345,0.0,0.0
T=1.00,1.0,0.0,0.29032087670199735,0.13300778140675962,0.13300778140675962,0.0,0.2071908709673636,0.2071908709673636,6.322879550497345,0.0,0.0
T=1.00,1.0,0.0,0.2956954027065353,0.1380134226965574,0.1380134226965574,0.0,0.2071908709673636,0.2071908709673636,6.322879550497345,0.0,0.0
T=1.00,1.0,0.0,0.3011694238975772,0.1431758696724552,0.1431758696724552,0.0,0.2071908709673636,0.2071908709673636,6.322879550497345,0.0,0.0
T=1.00,1.0,0.0,0.3067447821663203,0.14849855688987545,0.14849855688987545,0.0,0.2071908709673636,0.2071908709673636,6.322879550497345,0.0,0.0
T=1.00,1.0,0.0,0.3124233535017239,0.15398493609120253,0.15398493609120253,0.0,0.2071908709673636,0.2071908709673636,6.322879550497345,0.0,0.0
T=1.00,1.0,0.0,0.31820704862173943,0.1596384746464705,0.1596384746464705,0.0,0.2071908709673636,0.2071908709673636,6.322879550497345,0.0,0.0
T=1.00,1.0,0.0,0.3240978136162261,0.1654626540404134,0.1654626540404134,0.0,0.2071908709673636,0.2071908709673636,6.322879550497345,0.0,0.0
T=1.00,1.0,0.0,0.3300976306017688,0.17146096841608552,0.17146096841608552,0.0,0.2071908709673636,0.2071908709673636,6.322879550497345,0.0,0.0
T=1.00,1.0,0.0,0.33620851838861787,0.17763692318543925,0.17763692318543925,0.0,0.2071908709673636,0.2071908709673636,6.322879550497345,0.0,0.0
T=1.00,1.0,0.0,0.34243253315997574,0.18399403371738077,0.18399403371738077,0.0,0.2071908709673636,0.2071908709673636,6.322879550497345,0.0,0.0
T=1.00,1.0,0.0,0.34877176916385844,0.19053582411389391,0.19053582411389391,0.0,0.2071908709673636,0.2071908709673636,6.322879550497345,0.0,0.0
T=1.00,1.0,0.0,0.3552283594177654,0.1972658260848444,0.1972658260848444,0.0,0.2071908709673636,0.2071908709673636,6.322879550497345,0.0,0.0
T=1.00,1.0,0.0,0.3618044764263946,0.20418757793202588,0.20418757793202588,0.0,0.2071908709673636,0.2071908709673636,6.322879550497345,0.0,0.0
T=1.00,1.0,0.0,0.3685023329126433,0.21130462365290129,0.21130462365290129,0.0,0.2071908709673636,0.2071908709673636,6.322879550497345,0.0,0.0
T=1.00,1.0,0.0,0.3753241825621427,0.21862051217431902,0.21862051217431902,0.0,0.2071908709673636,0.2071908709673636,6.322879550497345,0.0,0.0
T=1.00,1.0,0.0,0.3822723207815748,0.22613879672623613,0.22613879672623613,0.0,0.2071908709673636,0.2071908709673636,6.322879550497345,0.0,0.0
T=1.00,1.0,0.0,0.3893490854710275,0.23386303436516975,0.23386303436516975,0.0,0.2071908709673636,0.2071908709673636,6.322879550497345,0.0,0.0
T=1.00,1.0,0.0,0.3965568578106482,0.24179678565671392,0.24179678565671392,0.0,0.2071908709673636,0.2071908709673636,6.322879550497345,0.0,0.0
T=1.00,1.0,0.0,0.4038980630618602,0.24994361452600497,0.24994361452600497,0.0,0.2071908709673636,0.2071908709673636,6.322879550497345,0.0,0.0
T=1.00,1.0,0.0,0.4113751713834111,0.25830708828449556,0.25830708828449556,0.0,0.2071908709673636,0.2071908709673636,6.322879550497345,0.0,0.0
T=1.00,1.0,0.0,0.41899069866252875,0.2668907778408063,0.2668907778408063,0.0,0.2071908709673636,0.2071908709673636,6.322879550497345,0.0,0.0
T=1.00,1.0,0.0,0.426747207361463,0.2756982581027616,0.2756982581027616,0.0,0.2071908709673636,0.2071908709673636,6.322879550497345,0.0,0.0
T=1.00,1.0,0.0,0.43464730737970037,0.2847331085769987,0.2847331085769987,0.0,0.2071908709673636,0.2071908709673636,6.322879550497345,0.0,0.0
T=1.00,1.0,0.0,0.4426936569321385,0.29399891417174356,0.29399891417174356,0.0,0.2071908709673636,0.2071908709673636,6.322879550497345,0.0,0.0
T=1.00,1.0,0.0,0.4508889634435197,0.30349926620751644,0.30349926620751644,0.0,0.2071908709673636,0.2071908709673636,6.322879550497345,0.0,0.0
T=1.00,1.0,0.0,0.45923598445942065,0.3132377636396194,0.3132377636396194,0.0,0.2071908709673636,0.2071908709673636,6.322879550497345,0.0,0.0
T=1.00,1.0,0.0,0.46773752857410794,0.323218014495324,0.323218014495324,0.0,0.2071908709673636,0.2071908709673636,6.322879550497345,0.0,0.0
T=1.00,1.0,0.0,0.47639645637557027,0.3334436375276809,0.3334436375276809,0.0,0.2071908709673636,0.2071908709673636,6.322879550497345,0.0,0.0
T=1.00,1.0,0.0,0.4852156814080449,0.34391826408685283,0.34391826408685283,0.0,0.2071908709673636,0.2071908709673636,6.322879550497345,0.0,0.0
T=1.00,1.0,0.0,0.494198171152363,0.35464554020881206,0.35464554020881206,0.0,0.2071908709673636,0.2071908709673636,6.322879550497345,0.0,0.0
T=1.00,1.0,0.0,0.5033469480244437,0.3656291289201742,0.3656291289201742,0.0,0.2071908709673636,0.2071908709673636,6.322879550497345,0.0,0.0
T=1.00,1.0,0.0,0.5126650903922728,0.37687271275683804,0.37687271275683804,0.0,0.2071908709673636,0.2071908709673636,6.322879550497345,0.0,0.0
T=1.00,1.0,0.0,0.5221557336117073,0.38837999649301014,0.38837999649301014,0.0,0.2071908709673636,0.2071908709673636,6.322879550497345,0.0,0.0
T=1.00,1.0,0.0,0.5318220710814556,0.4001547100760924,0.4001547100760924,0.0,0.2071908709673636,0.2071908709673636,6.322879550497345,0.0,0.0
T=1.00,1.0,0.0,0.5416673553175886,0.41220061176182954,0.41220061176182954,0.0,0.2071908709673636,0.2071908709673636,6.322879550497345,0.0,0.0
T=1.00,1.0,0.0,0.5516948990479416,0.42452149144304185,0.42452149144304185,0.0,0.2071908709673636,0.2071908709673636,6.322879550497345,0.0,0.0
T=1.00,1.0,0.0,0.5619080763267759,0.437121174164235,0.437121174164235,0.0,0.2071908709673636,0.2071908709673636,6.322879550497345,0.0,0.0
T=1.00,1.0,0.0,0.5723103236700766,0.45000352381338526,0.45000352381338526,0.0,0.2071908709673636,0.2071908709673636,6.322879550497345,0.0,0.0
T=1.00,1.0,0.0,0.5829051412118672,0.4631724469812395,0.4631724469812395,0.0,0.2071908709673636,0.2071908709673636,6.322879550497345,0.0,0.0
T=1.00,1.0,0.0,0.5936960938819289,0.4766318969775786,0.4766318969775786,0.0,0.2071908709673636,0.2071908709673636,6.322879550497345,0.0,0.0
T=1.00,1.0,0.0,0.6046868126053235,0.49038587799306255,0.49038587799306255,0.0,0.2071908709673636,0.2071908709673636,6.322879550497345,0.0,0.0
T=1.00,1.0,0.0,0.6158809955241232,0.5044384493945215,0.5044384493945215,0.0,0.2071908709673636,0.2071908709673636,6.322879550497345,0.0,0.0
T=1.00,1.0,0.0,0.6272824092417554,0.5187937301408704,0.5187937301408704,0.0,0.2071908709673636,0.2071908709673636,6.322879550497345,0.0,0.0
T=1.00,1.0,0.0,0.638894890090384,0.5334559033062468,0.5334559033062468,0.0,0.2071908709673636,0.2071908709673636,6.322879550497345,0.0,0.0
T=1.00,1.0,0.0,0.6507223454217543,0.548429220696472,0.548429220696472,0.0,0.2071908709673636,0.2071908709673636,6.322879550497345,0.0,0.0
T=1.00,1.0,0.0,0.662768754921933,0.5637180075445407,0.5637180075445407,0.0,0.2071908709673636,0.2071908709673636,6.322879550497345,0.0,0.0
T=1.00,1.0,0.0,0.675038171950387,0.5793266672705525,0.5793266672705525,0.0,0.2071908709673636,0.2071908709673636,6.322879550497345,0.0,0.0
T=1.00,1.0,0.0,0.6875347249038525,0.5952596862913255,0.5952596862913255,0.0,0.2071908709673636,0.2071908709673636,6.322879550497345,0.0,0.0
T=1.00,1.0,0.0,0.7002626186054534,0.6115216388648559,0.6115216388648559,0.0,0.2071908709673636,0.2071908709673636,6.322879550497345,0.0,0.0
T=1.00,1.0,0.0,0.7132261357195328,0.6281171919548334,0.6281171919548334,0.0,0.2071908709673636,0.2071908709673636,6.322879550497345,0.0,0.0
T=1.00,1.0,0.0,0.7264296381926785,0.6450511101005917,0.6450511101005917,0.0,0.2071908709673636,0.2071908709673636,6.322879550497345,0.0,0.0
T=1.00,1.0,0.0,0.7398775687214264,0.6623282602781391,0.6623282602781391,0.0,0.2071908709673636,0.2071908709673636,6.322879550497345,0.0,0.0
T=1.00,1.0,0.0,0.7535744522471307,0.6799536167383058,0.6799536167383058,0.0,0.2071908709673636,0.2071908709673636,6.322879550497345,0.0,0.0
T=1.00,1.0,0.0,0.7675248974785115,0.697932265808558,0.697932265808558,0.0,0.2071908709673636,0.2071908709673636,6.322879550497345,0.0,0.0
T=1.00,1.0,0.0,0.7817335984423858,0.716269410645618,0.716269410645618,0.0,0.2071908709673636,0.2071908709673636,6.322879550497345,0.0,0.0
T=1.00,1.0,0.0,0.796205336063109,0.7349703759267648,0.7349703759267648,0.0,0.2071908709673636,0.2071908709673636,6.322879550497345,0.0,0.0
T=1.00,1.0,0.0,0.8109449797712517,0.7540406124684854,0.7540406124684854,0.0,0.2071908709673636,0.2071908709673636,6.322879550497345,0.0,0.0
T=1.00,1.0,0.0,0.82595748914206,0.7734857017620547,0.7734857017620547,0.0,0.2071908709673636,0.2071908709673636,6.322879550497345,0.0,0.0
T=1.00,1.0,0.0,0.8412479155642475,0.7933113604166185,0.7933113604166185,0.0,0.2071908709673636,0.2071908709673636,6.322879550497345,0.0,0.0
T=1.00,1.0,0.0,0.8568214039396782,0.8135234445013961,0.8135234445013961,0.0,0.2071908709673636,0.2071908709673636,6.322879550497345,0.0,0.0
T=1.00,1.0,0.0,0.8726831944145167,0.8341279537797611,0.8341279537797611,0.0,0.2071908709673636,0.2071908709673636,6.322879550497345,0.0,0.0
T=1.00,1.0,0.0,0.8888386241424255,0.8551310358291404,0.8551310358291404,0.0,0.2071908709673636,0.2071908709673636,6.322879550497345,0.0,0.0
T=1.00,1.0,0.0,0.9052931290804038,0.8765389900418887,0.8765389900418887,0.0,0.2071908709673636,0.2071908709673636,6.322879550497345,0.0,0.0
T=1.00,1.0,0.0,0.9220522458178695,0.8983582715035627,0.8983582715035627,0.0,0.2071908709673636,0.2071908709673636,6.322879550497345,0.0,0.0
T=1.00,1.0,0.0,0.9391216134396042,0.9205954947462996,0.9205954947462996,0.0,0.2071908709673636,0.2071908709673636,6.322879550497345,0.0,0.0
T=1.00,1.0,0.0,0.9565069754231851,0.9432574373762864,0.9432574373762864,0.0,0.2071908709673636,0.2071908709673636,6.322879550497345,0.0,0.0
T=1.00,1.0,0.0,0.9742141815715416,0.9663510435756001,0.9663510435756001,0.0,0.2071908709673636,0.2071908709673636,6.322879550497345,0.0,0.0
T=1.00,1.0,0.0,0.9922491899812892,0.9898834274799585,0.9898834274799585,0.0,0.2071908709673636,0.2071908709673636,6.322879550497345,0.0,0.0
T=1.00,1.0,0.0,1.010618069047503,1.0138618764351723,1.0138618764351723,0.0,0.2071908709673636,0.2071908709673636,6.322879550497345,0.0,0.0
T=1.00,1.0,0.0,1.0293269995056011,1.038293854136274,1.038293854136274,0.0,0.2071908709673636,0.2071908709673636,6.322879550497345,0.0,0.0
T=1.00,1.0,0.0,1.048382276511031,1.0631870036544642,1.0631870036544642,0.0,0.2071908709673636,0.2071908709673636,6.322879550497345,0.0,0.0
T=1.00,1.0,0.0,1.0677903117574554,1.0885491503580846,1.0885491503580846,0.0,0.2071908709673636,0.2071908709673636,6.322879550497345,0.0,0.0
T=1.00,1.0,0.0,1.0875576356341494,1.114388304734852,1.114388304734852,0.0,0.2071908709673636,0.2071908709673636,6.322879550497345,0.0,0.0
T=1.00,1.0,0.0,1.107690899423337,1.1407126651235018,1.1407126651235018,0.0,0.2071908709673636,0.2071908709673636,6.322879550497345,0.0,0.0
T=1.00,1.0,0.0,1.1281968775382059,1.1675306203638471,1.1675306203638471,0.0,0.2071908709673636,0.2071908709673636,6.322879550497345,0.0,0.0
T=1.00,1.0,0.0,1.1490824698023527,1.1948507523749818,1.1948507523749818,0.0,0.2071908709673636,0.2071908709673636,6.322879550497345,0.0,0.0
T=1.00,1.0,0.0,1.1703547037714264,1.222681838671998,1.222681838671998,0.0,0.2071908709673636,0.2071908709673636,6.322879550497345,0.0,0.0
T=1.00,1.0,0.0,1.1920207370977491,1.2510328548321274,1.2510328548321274,0.0,0.2071908709673636,0.2071908709673636,6.322879550497345,0.0,0.0
T=1.00,1.0,0.0,1.2140878599387166,1.2799129769216215,1.2799129769216215,0.0,0.2071908709673636,0.2071908709673636,6.322879550497345,0.0,0.0
T=1.00,1.0,0.0,1.2365634974097768,1.3093315838949813,1.3093315838949813,0.0,0.2071908709673636,0.2071908709673636,6.322879550497345,0.0,0.0
T=1.00,1.0,0.0,1.2594552120828248,1.3392982599783647,1.3392982599783647,0.0,0.2071908709673636,0.2071908709673636,6.322879550497345,0.0,0.0
T=1.00,1.0,0.0,1.2827707065308454,1.3698227970490493,1.3698227970490493,0.0,0.2071908709673636,0.2071908709673636,6.322879550497345,0.0,0.0
T=1.00,1.0,0.0,1.3065178259196666,1.4009151970228193,1.4009151970228193,0.0,0.2071908709673636,0.2071908709673636,6.322879550497345,0.0,0.0
T=1.00,1.0,0.0,1.3307045606476873,1.4325856742609826,1.4325856742609826,0.0,0.2071908709673636,0.2071908709673636,6.322879550497345,0.0,0.0
T=1.00,1.0,0.0,1.3553390490344777,1.464844658008524,1.464844658008524,0.0,0.2071908709673636,0.2071908709673636,6.322879550497345,0.0,0.0
T=1.00,1.0,0.0,1.38042958005915,1.4977027948745416,1.4977027948745416,0.0,0.2071908709673636,0.2071908709673636,6.322879550497345,0.0,0.0
T=1.00,1.0,0.0,1.4059845961494215,1.5311709513657055,1.5311709513657055,0.0,0.2071908709673636,0.2071908709673636,6.322879550497345,0.0,0.0
T=1.00,1.0,0.0,1.432012696022312,1.5652602164830047,1.5652602164830047,0.0,0.2071908709673636,0.2071908709673636,6.322879550497345,0.0,0.0
T=1.00,1.0,0.0,1.4585226375774296,1.599981904391471,1.599981904391471,0.0,0.2071908709673636,0.2071908709673636,6.322879550497345,0.0,0.0
T=1.00,1.0,0.0,1.485523340843814,1.6353475571719651,1.6353475571719651,0.0,0.2071908709673636,0.2071908709673636,6.322879550497345,0.0,0.0
T=1.00,1.0,0.0,1.5130238909813374,1.6713689476634532,1.6713689476634532,0.0,0.2071908709673636,0.2071908709673636,6.322879550497345,0.0,0.0
T=1.00,1.0,0.0,1.5410335413376686,1.7080580824035154,1.7080580824035154,0.0,0.2071908709673636,0.2071908709673636,6.322879550497345,0.0,0.0
T=1.00,1.0,0.0,1.5695617165618219,1.7454272046740889,1.7454272046740889,0.0,0.2071908709673636,0.2071908709673636,6.322879550497345,0.0,0.0
T=1.00,1.0,0.0,1.5986180157753556,1.7834887976587608,1.7834887976587608,0.0,0.2071908709673636,0.2071908709673636,6.322879550497345,0.0,0.0
T=1.00,1.0,0.0,1.6282122158022685,1.8222555877171591,1.8222555877171591,0.0,0.2071908709673636,0.2071908709673636,6.322879550497345,0.0,0.0
T=1.00,1.0,0.0,1.6583542744586905,1.86174054778129,1.86174054778129,0.0,0.2071908709673636,0.2071908709673636,6.322879550497345,0.0,0.0
T=1.00,1.0,0.0,1.6890543339034803,1.9019569008779784,1.9019569008779784,0.0,0.2071908709673636,0.2071908709673636,6.322879550497345,0.0,0.0
T=1.00,1.0,0.0,1.7203227240508412,1.9429181237808681,1.9429181237808681,0.0,0.2071908709673636,0.2071908709673636,6.322879550497345,0.0,0.0
T=1.00,1.0,0.0,1.7521699660461154,1.984637950794812,1.984637950794812,0.0,0.2071908709673636,0.2071908709673636,6.322879550497345,0.0,0.0
T=1.00,1.0,0.0,1.7846067758059292,2.027130377674918,2.027130377674918,0.0,0.2071908709673636,0.2071908709673636,6.322879550497345,0.0,0.0
T=1.00,1.0,0.0,1.817644067623868,2.070409665681902,2.070409665681902,0.0,0.2071908709673636,0.2071908709673636,6.322879550497345,0.0,0.0
T=1.00,1.0,0.0,1.8512929578428996,2.114490345774953,2.114490345774953,0.0,0.2071908709673636,0.2071908709673636,6.322879550497345,0.0,0.0
T=1.00,1.0,0.0,1.8855647685957924,2.159387222942879,2.159387222942879,0.0,0.2071908709673636,0.2071908709673636,6.322879550497345,0.0,0.0
T=1.00,1.0,0.0,1.9204710316147646,2.2051153806738655,2.2051153806738655,0.0,0.2071908709673636,0.2071908709673636,6.322879550497345,0.0,0.0
T=1.00,1.0,0.0,1.9560234921116717,2.2516901855639255,2.2516901855639255,0.0,0.2071908709673636,0.2071908709673636,6.322879550497345,0.0,0.0
T=1.00,1.0,0.0,1.9922341127300172,2.2991272920637855,2.2991272920637855,0.0,0.2071908709673636,0.2071908709673636,6.322879550497345,0.0,0.0
T=1.00,1.0,0.0,2.0291150775701223,2.3474426473637893,2.3474426473637893,0.0,0.2071908709673636,0.2071908709673636,6.322879550497345,0.0,0.0
T=1.00,1.0,0.0,2.0666787962888233,2.3966524964162503,2.3966524964162503,0.0,0.2071908709673636,0.2071908709673636,6.322879550497345,0.0,0.0
T=1.00,1.0,0.0,2.1049379082750517,2.446773387094532,2.446773387094532,0.0,0.2071908709673636,0.2071908709673636,6.322879550497345,0.0,0.0
T=1.00,1.0,0.0,2.1439052869027146,2.4978221754881416,2.4978221754881416,0.0,0.2071908709673636,0.2071908709673636,6.322879550497345,0.0,0.0
T=1.00,1.0,0.0,2.183594043862319,2.549816031333114,2.549816031333114,0.0,0.2071908709673636,0.2071908709673636,6.322879550497345,0.0,0.0
T=1.00,1.0,0.0,2.2240175335727703,2.6027724435769395,2.6027724435769395,0.0,0.2071908709673636,0.2071908709673636,6.322879550497345,0.0,0.0
T=1.00,1.0,0.0,2.265189357674846,2.6567092260774205,2.6567092260774205,0.0,0.2071908709673636,0.2071908709673636,6.322879550497345,0.0,0.0
T=1.00,1.0,0.0,2.3071233696078646,2.711644523434953,2.711644523434953,0.0,0.2071908709673636,0.2071908709673636,6.322879550497345,0.0,0.0
T=1.00,1.0,0.0,2.3498336792710672,2.767596816957777,2.767596816957777,0.0,0.2071908709673636,0.2071908709673636,6.322879550497345,0.0,0.0
T=1.00,1.0,0.0,2.3933346577712964,2.824584930759999,2.824584930759999,0.0,0.2071908709673636,0.2071908709673636,6.322879550497345,0.0,0.0
T=1.00,1.0,0.0,2.4376409422585708,2.8826280379922644,2.8826280379922644,0.0,0.2071908709673636,0.2071908709673636,6.322879550497345,0.0,0.0
T=1.00,1.0,0.0,2.4827674408511715,2.941745667205209,2.941745667205209,0.0,0.2071908709673636,0.2071908709673636,6.322879550497345,0.0,0.0
T=1.00,1.0,0.0,2.528729337651901,3.0019577088459393,3.0019577088459393,0.0,0.2071908709673636,0.2071908709673636,6.322879550497345,0.0,0.0
T=1.00,1.0,0.0,2.575542097857218,3.0632844218880755,3.0632844218880755,0.0,0.2071908709673636,0.2071908709673636,6.322879550497345,0.0,0.0
T=1.00,1.0,0.0,2.62322147296094,3.1257464405959743,3.1257464405959743,0.0,0.2071908709673636,0.2071908709673636,6.322879550497345,0.0,0.0
T=1.00,1.0,0.0,2.671783506054283,3.189364781424035,3.189364781424035,0.0,0.2071908709673636,0.2071908709673636,6.322879550497345,0.0,0.0
T=1.00,1.0,0.0,2.7212445372240257,3.2541608500521657,3.2541608500521657,0.0,0.2071908709673636,0.2071908709673636,6.322879550497345,0.0,0.0
T=1.00,1.0,0.0,2.7716212090505907,3.32015644855859,3.32015644855859,0.0,0.2071908709673636,0.2071908709673636,6.322879550497345,0.0,0.0
T=1.00,1.0,0.0,2.822930472207926,3.3873737827314994,3.3873737827314994,0.0,0.2071908709673636,0.2071908709673636,6.322879550497345,0.0,0.0
T=1.00,1.0,0.0,2.8751895911670413,3.4558354695210776,3.4558354695210776,0.0,0.2071908709673636,0.2071908709673636,6.322879550497345,0.0,0.0
T=1.00,1.0,0.0,2.9284161500051282,3.525564544633676,3.525564544633676,0.0,0.2071908709673636,0.2071908709673636,6.322879550497345,0.0,0.0
T=1.00,1.0,0.0,2.982628058322237,3.5965844702700567,3.5965844702700567,0.0,0.2071908709673636,0.2071908709673636,6.322879550497345,0.0,0.0
T=1.00,1.0,0.0,3.037843557267468,3.6689191430097217,3.6689191430097217,0.0,0.2071908709673636,0.2071908709673636,6.322879550497345,0.0,0.0
T=1.00,1.0,0.0,3.094081225676725,3.742592901843521,3.742592901843521,0.0,0.2071908709673636,0.2071908709673636,6.322879550497345,0.0,0.0
T=1.00,1.0,0.0,3.1513599863241075,3.817630536356864,3.817630536356864,0.0,0.2071908709673636,0.2071908709673636,6.322879550497345,0.0,0.0
T=1.00,1.0,0.0,3.209699112289013,3.8940572950659136,3.8940572950659136,0.0,0.2071908709673636,0.2071908709673636,6.322879550497345,0.0,0.0
T=1.00,1.0,0.0,3.2691182334411115,3.9718988939093145,3.9718988939093145,0.0,0.2071908709673636,0.2071908709673636,6.322879550497345,0.0,0.0
T=1.00,1.0,0.0,3.329637343045389,4.051181524898096,4.051181524898096,0.0,0.2071908709673636,0.2071908709673636,6.322879550497345,0.0,0.0
T=1.00,1.0,0.0,3.3912768044894483,4.131931864926451,4.131931864926451,0.0,0.2071908709673636,0.2071908709673636,6.322879550497345,0.0,0.0
T=1.00,1.0,0.0,3.454057358135349,4.214177084746203,4.214177084746203,0.0,0.2071908709673636,0.2071908709673636,6.322879550497345,0.0,0.0
T=1.00,1.0,0.0,3.5180001282983056,4.297944858107894,4.297944858107894,0.0,0.2071908709673636,0.2071908709673636,6.322879550497345,0.0,0.0
T=1.00,1.0,0.0,3.5831266303545637,4.383263371071429,4.383263371071429,0.0,0.2071908709673636,0.2071908709673636,6.322879550497345,0.0,0.0
T=1.00,1.0,0.0,3.6494587779808607,4.470161331489354,4.470161331489354,0.0,0.2071908709673636,0.2071908709673636,6.322879550497345,0.0,0.0
T=1.00,1.0,0.0,3.7170188905279193,4.558667978665909,4.558667978665909,0.0,0.2071908709673636,0.2071908709673636,6.322879550497345,0.0,0.0
T=1.00,1.0,0.0,3.785829700530421,4.648813093195027,4.648813093195027,0.0,0.2071908709673636,0.2071908709673636,6.322879550497345,0.0,0.0
T=1.00,1.0,0.0,3.8559143613560285,4.740627006980595,4.740627006980595,0.0,0.2071908709673636,0.2071908709673636,6.322879550497345,0.0,0.0
T=1.00,1.0,0.0,3.9272964549959966,4.834140613442284,4.834140613442284,0.0,0.2071908709673636,0.2071908709673636,6.322879550497345,0.0,0.0
T=1.00,1.0,0.0,4.0,4.929385377910364,4.929385377910364,0.0,0.2071908709673636,0.2071908709673636,6.322879550497345,0.0,0.0
T=0.78,0.78,0.28205128205128194,0.15,0.016029414098502295,0.03068674806543564,-0.6494054866534991,0.48820626092025815,0.2071908709673636,3.487635796017913,0.313104077654953,0.6494054866534991
T=0.78,0.78,0.28205128205128194,0.15277685473342037,0.01682502542537833,0.032067293119498304,-0.6449692180675508,0.48820626092025815,0.2071908709673636,3.487635796017913,0.313104077654953,0.6494054866534991
T=0.78,0.78,0.28205128205128194,0.15560511561491083,0.01765818855268991,0.03350434952328236,-0.640475650464452,0.48820626092025815,0.2071908709673636,3.487635796017913,0.313104077654953,0.6494054866534991
T=0.78,0.78,0.28205128205128194,0.15848573429384208,0.018530546042315937,0.03499989444059415,-0.6359245376238549,0.48820626092025815,0.2071908709673636,3.487635796017913,0.313104077654953,0.6494054866534991
T=0.78,0.78,0.28205128205128194,0.16141968003686513,0.01944380381411597,0.03655595505993616,-0.6313156527187647,0.48820626092025815,0.2071908709673636,3.487635796017913,0.313104077654953,0.6494054866534991
T=0.78,0.78,0.28205128205128194,0.16440794005404888,0.020399733047355716,0.03817460882101672,-0.6266487892079131,0.48820626092025815,0.2071908709673636,3.487635796017913,0.313104077654953,0.6494054866534991
T=0.78,0.78,0.28205128205128194,0.1674515198310554,0.02140017210471303,0.03985798358273672,-0.6219237617454927,0.48820626092025815,0.2071908709673636,3.487635796017913,0.313104077654953,0.6494054866534991
T=0.78,0.78,0.28205128205128194,0.1705514434674641,0.022447028476726538,0.04160825773015479,-0.6171404071075988,0.48820626092025815,0.2071908709673636,3.487635796017913,0.313104077654953,0.6494054866534991
T=0.78,0.78,0.28205128205128194,0.17370875402135943,0.02354228074435826,0.04342766021803934,-0.6122985851349263,0.48820626092025815,0.2071908709673636,3.487635796017913,0.313104077654953,0.6494054866534991
T=0.78,0.78,0.28205128205128194,0.17692451386029784,0.024687980557153506,0.04531847054873688,-0.6073981796908892,0.48820626092025815,0.2071908709673636,3.487635796017913,0.313104077654953,0.6494054866534991
T=0.78,0.78,0.28205128205128194,0.1801998050187716,0.025886254624282068,0.047283018682229006,-0.6024390996343838,0.48820626092025815,0.2071908709673636,3.487635796017913,0.313104077654953,0.6494054866534991
T=0.78,0.78,0.28205128205128194,0.1835357295622903,0.02713930671554149,0.04932368487641451,-0.597421279806396,0.48820626092025815,0.2071908709673636,3.487635796017913,0.313104077654953,0.6494054866534991
T=0.78,0.78,0.28205128205128194,0.18693340995820235,0.02844941966920022,0.051442899455835155,-0.5923446820293994,0.48820626092025815,0.2071908709673636,3.487635796017913,0.313104077654953,0.6494054866534991
T=0.78,0.78,0.28205128205128194,0.19039398945338126,0.02981895740334658,0.053643142507268905,-0.5872092961185404,0.48820626092025815,0.2071908709673636,3.487635796017913,0.313104077654953,0.6494054866534991
T=0.78,0.78,0.28205128205128194,0.19391863245890398,0.03125036692719897,0.05592694350084061,-0.5820151409034118,0.48820626092025815,0.2071908709673636,3.487635796017913,0.313104077654953,0.6494054866534991
T=0.78,0.78,0.28205128205128194,0.19750852494185006,0.03274618034861853,0.05829688083554774,-0.576762265259152,0.48820626092025815,0.2071908709673636,3.487635796017913,0.313104077654953,0.6494054866534991
T=0.78,0.78,0.28205128205128194,0.20116487482435436,0.03430901687384997,0.06075558130837063,-0.5714507491455283,0.48820626092025815,0.2071908709673636,3.487635796017913,0.313104077654953,0.6494054866534991
T=0.78,0.78,0.28205128205128194,0.20488891239004717,0.03594158479530095,0.06330571950642637,-0.5660807046525078,0.48820626092025815,0.2071908709673636,3.487635796017913,0.313104077654953,0.6494054866534991
T=0.78,0.78,0.28205128205128194,0.2086818906980182,0.03764668346295944,0.0659500171219405,-0.5606522770506568,0.48820626092025815,0.2071908709673636,3.487635796017913,0.313104077654953,0.6494054866534991
T=0.78,0.78,0.28205128205128194,0.21254508600444416,0.03942720523483023,0.06869124219014681,-0.5551656458447414,0.48820626092025815,0.2071908709673636,3.487635796017913,0.313104077654953,0.6494054866534991
T=0.78,0.78,0.28205128205128194,0.21647979819202204,0.04128613740156771,0.0715322082505817,-0.5496210258286616,0.48820626092025815,0.2071908709673636,3.487635796017913,0.313104077654953,0.6494054866534991
T=0.78,0.78,0.28205128205128194,0.22048735120735138,0.04322656408027741,0.07447577343261431,-0.5440186681396848,0.48820626092025815,0.2071908709673636,3.487635796017913,0.313104077654953,0.6494054866534991
T=0.78,0.78,0.28205128205128194,0.22456909350641435,0.045251668072255745,0.0775248394664525,-0.538358861309975,0.48820626092025815,0.2071908709673636,3.487635796017913,0.313104077654953,0.6494054866534991
T=0.78,0.78,0.28205128205128194,0.2287263985083024,0.047364732679250274,0.08068235062127896,-0.5326419323131697,0.48820626092025815,0.2071908709673636,3.487635796017913,0.313104077654953,0.6494054866534991
T=0.78,0.78,0.28205128205128194,0.23296066505734223,0.04956914347264003,0.08395129257260109,-0.5268682476035949,0.48820626092025815,0.2071908709673636,3.487635796017913,0.313104077654953,0.6494054866534991
T=0.78,0.78,0.28205128205128194,0.23727331789377706,0.05186839000976043,0.08733469120134808,-0.5210382141456962,0.48820626092025815,0.2071908709673636,3.487635796017913,0.313104077654953,0.6494054866534991
T=0.78,0.78,0.28205128205128194,0.24166580813316169,0.05426606749144172,0.09083561132770873,-0.5151522804310051,0.48820626092025815,0.2071908709673636,3.487635796017913,0.313104077654953,0.6494054866534991
T=0.78,0.78,0.28205128205128194,0.2461396137546312,0.05676587835468121,0.09445715538317419,-0.5092109374798914,0.48820626092025815,0.2071908709673636,3.487635796017913,0.313104077654953,0.6494054866534991
T=0.78,0.78,0.28205128205128194,0.2506962400982099,0.05937163379424113,0.0982024620247367,-0.5032147198252197,0.48820626092025815,0.2071908709673636,3.487635796017913,0.313104077654953,0.6494054866534991
T=0.78,0.78,0.28205128205128194,0.25533722037132595,0.062087255206854694,0.10207470469567949,-0.4971642064748023,0.48820626092025815,0.2071908709673636,3.487635796017913,0.313104077654953,0.6494054866534991
T=0.78,0.78,0.28205128205128194,0.26006411616470265,0.06491677555162635,0.10607709013789114,-0.4910600218495458,0.48820626092025815,0.2071908709673636,3.487635796017913,0.313104077654953,0.6494054866534991
T=0.78,0.78,0.28205128205128194,0.26487851797780093,0.06786434062014907,0.11021285686113128,-0.484902836693907,0.48820626092025815,0.2071908709673636,3.487635796017913,0.313104077654953,0.6494054866534991
T=0.78,0.78,0.28205128205128194,0.2697820457539878,0.07093421020981013,0.11448527357516815,-0.47869336895525727,0.48820626092025815,0.2071908709673636,3.487635796017913,0.313104077654953,0.6494054866534991
T=0.78,0.78,0.28205128205128194,0.27477634942561296,0.07413075919374376,0.11889763759119998,-0.472432384628545,0.48820626092025815,0.2071908709673636,3.487635796017913,0.313104077654953,0.6494054866534991
T=0.78,0.78,0.28205128205128194,0.2798631094691762,0.07745847848089546,0.12345327319945043,-0.46612069856255367,0.48820626092025815,0.2071908709673636,3.487635796017913,0.313104077654953,0.6494054866534991
T=0.78,0.78,0.28205128205128194,0.285044037470771,0.08092197585970363,0.1281555300302988,-0.45975917522394205,0.48820626092025815,0.2071908709673636,3.487635796017913,0.313104077654953,0.6494054866534991
T=0.78,0.78,0.28205128205128194,0.29032087670199735,0.08452597671898113,0.13300778140675962,-0.4533487294150942,0.48820626092025815,0.2071908709673636,3.487635796017913,0.313104077654953,0.6494054866534991
T=0.78,0.78,0.28205128205128194,0.2956954027065353,0.08827532463968357,0.1380134226965574,-0.44689032694174724,0.48820626092025815,0.2071908709673636,3.487635796017913,0.313104077654953,0.6494054866534991
T=0.78,0.78,0.28205128205128194,0.3011694238975772,0.0921749818514017,0.1431758696724552,-0.4403849852262416,0.48820626092025815,0.2071908709673636,3.487635796017913,0.313104077654953,0.6494054866534991
T=0.78,0.78,0.28205128205128194,0.3067447821663203,0.09623002954760032,0.14849855688987545,-0.4338337738621181,0.48820626092025815,0.2071908709673636,3.487635796017913,0.313104077654953,0.6494054866534991
T=0.78,0.78,0.28205128205128194,0.3124233535017239,0.10044566805385056,0.15398493609120253,-0.42723781510577297,0.48820626092025815,0.2071908709673636,3.487635796017913,0.313104077654953,0.6494054866534991
T=0.78,0.78,0.28205128205128194,0.31820704862173943,0.10482721684357806,0.1596384746464705,-0.4205982843007401,0.48820626092025815,0.2071908709673636,3.487635796017913,0.313104077654953,0.6494054866534991
T=0.78,0.78,0.28205128205128194,0.3240978136162261,0.10938011439616024,0.1654626540404134,-0.4139164102301658,0.48820626092025815,0.2071908709673636,3.487635796017913,0.313104077654953,0.6494054866534991
T=0.78,0.78,0.28205128205128194,0.3300976306017688,0.11410991789257416,0.17146096841608552,-0.4071934753929636,0.48820626092025815,0.2071908709673636,3.487635796017913,0.313104077654953,0.6494054866534991
T=0.78,0.78,0.28205128205128194,0.33620851838861787,0.11902230274420188,0.17763692318543925,-0.4004308161991341,0.48820626092025815,0.2071908709673636,3.487635796017913,0.313104077654953,0.6494054866534991
T=0.78,0.78,0.28205128205128194,0.34243253315997574,0.12412306195086394,0.18399403371738077,-0.39362982307972105,0.48820626092025815,0.2071908709673636,3.487635796017913,0.313104077654953,0.6494054866534991
T=0.78,0.78,0.28205128205128194,0.34877176916385844,0.12941810528466438,0.19053582411389391,-0.38679194050684207,0.48820626092025815,0.2071908709673636,3.487635796017913,0.313104077654953,0.6494054866534991
T=0.78,0.78,0.28205128205128194,0.3552283594177654,0.1349134582967861,0.1972658260848444,-0.3799186669193546,0.48820626092025815,0.2071908709673636,3.487635796017913,0.313104077654953,0.6494054866534991
T=0.78,0.78,0.28205128205128194,0.3618044764263946,0.1406152611449968,0.20418757793202588,-0.3730115545496646,0.48820626092025815,0.2071908709673636,3.487635796017913,0.313104077654953,0.6494054866534991
T=0.78,0.78,0.28205128205128194,0.3685023329126433,0.14652976724028802,0.21130462365290129,-0.3660722091473112,0.48820626092025815,0.2071908709673636,3.487635796017913,0.313104077654953,0.6494054866534991
T=0.78,0.78,0.28205128205128194,0.3753241825621427,0.1526633417117858,0.21862051217431902,-0.3591022895950666,0.48820626092025815,0.2071908709673636,3.487635796017913,0.313104077654953,0.6494054866534991
T=0.78,0.78,0.28205128205128194,0.3822723207815748,0.15902245968984305,0.22613879672623613,-0.3521035074133789,0.48820626092025815,0.2071908709673636,3.487635796017913,0.313104077654953,0.6494054866534991
T=0.78,0.78,0.28205128205128194,0.3893490854710275,0.16561370440804074,0.23386303436516975,-0.34507762614915216,0.48820626092025815,0.2071908709673636,3.487635796017913,0.313104077654953,0.6494054866534991
T=0.78,0.78,0.28205128205128194,0.3965568578106482,0.1724437651256928,0.24179678565671392,-0.3380264606450287,0.48820626092025815,0.2071908709673636,3.487635796017913,0.313104077654953,0.6494054866534991
T=0.78,0.78,0.28205128205128194,0.4038980630618602,0.17951943487336017,0.24994361452600497,-0.3309518761855672,0.48820626092025815,0.2071908709673636,3.487635796017913,0.313104077654953,0.6494054866534991
T=0.78,0.78,0.28205128205128194,0.4113751713834111,0.18684760802484507,0.25830708828449556,-0.32385578751689104,0.48820626092025815,0.2071908709673636,3.487635796017913,0.313104077654953,0.6494054866534991
T=0.78,0.78,0.28205128205128194,0.41899069866252875,0.19443527770012972,0.2668907778408063,-0.31674015773670683,0.48820626092025815,0.2071908709673636,3.487635796017913,0.313104077654953,0.6494054866534991
T=0.78,0.78,0.28205128205128194,0.426747207361463,0.20228953300476346,0.2756982581027616,-0.3096069970518509,0.48820626092025815,0.2071908709673636,3.487635796017913,0.313104077654953,0.6494054866534991
T=0.78,0.78,0.28205128205128194,0.43464730737970037,0.2104175561122793,0.2847331085769987,-0.3024583614008629,0.48820626092025815,0.2071908709673636,3.487635796017913,0.313104077654953,0.6494054866534991
T=0.78,0.78,0.28205128205128194,0.4426936569321385,0.21882661919731408,0.29399891417174356,-0.2952963509394566,0.48820626092025815,0.2071908709673636,3.487635796017913,0.313104077654953,0.6494054866534991
T=0.78,0.78,0.28205128205128194,0.4508889634435197,0.22752408122824683,0.30349926620751644,-0.2881231083871163,0.48820626092025815,0.2071908709673636,3.487635796017913,0.313104077654953,0.6494054866534991
T=0.78,0.78,0.28205128205128194,0.45923598445942065,0.23651738462930183,0.3132377636396194,-0.2809408172335248,0.48820626092025815,0.2071908709673636,3.487635796017913,0.313104077654953,0.6494054866534991
T=0.78,0.78,0.28205128205128194,0.46773752857410794,0.24581405182323374,0.323218014495324,-0.27375169980394665,0.48820626092025815,0.2071908709673636,3.487635796017913,0.313104077654953,0.6494054866534991
T=0.78,0.78,0.28205128205128194,0.47639645637557027,0.2554216816668785,0.3334436375276809,-0.266558015183179,0.48820626092025815,0.2071908709673636,3.487635796017913,0.313104077654953,0.6494054866534991
T=0.78,0.78,0.28205128205128194,0.4852156814080449,0.26534794579300985,0.34391826408685283,-0.25936205699824777,0.48820626092025815,0.2071908709673636,3.487635796017913,0.313104077654953,0.6494054866534991
T=0.78,0.78,0.28205128205128194,0.494198171152363,0.2756005848731156,0.35464554020881206,-0.252166151060506,0.48820626092025815,0.2071908709673636,3.487635796017913,0.313104077654953,0.6494054866534991
T=0.78,0.78,0.28205128205128194,0.5033469480244437,0.28618740481683813,0.3656291289201742,-0.24497265286843928,0.48820626092025815,0.2071908709673636,3.487635796017913,0.313104077654953,0.6494054866534991
T=0.78,0.78,0.28205128205128194,0.5126650903922728,0.29711627292494613,0.37687271275683804,-0.23778394497303756,0.48820626092025815,0.2071908709673636,3.487635796017913,0.313104077654953,0.6494054866534991
T=0.78,0.78,0.28205128205128194,0.5221557336117073,0.30839511401379294,0.38837999649301014,-0.23060243420824678,0.48820626092025815,0.2071908709673636,3.487635796017913,0.313104077654953,0.6494054866534991
T=0.78,0.78,0.28205128205128194,0.5318220710814556,0.32003190653025426,0.4001547100760924,-0.2234305487896563,0.48820626092025815,0.2071908709673636,3.487635796017913,0.313104077654953,0.6494054866534991
T=0.78,0.78,0.28205128205128194,0.5416673553175886,0.3320346786771352,0.41220061176182954,-0.2162707352852532,0.48820626092025815,0.2071908709673636,3.487635796017913,0.313104077654953,0.6494054866534991
T=0.78,0.78,0.28205128205128194,0.5516948990479416,0.34441150456995884,0.42452149144304185,-0.20912545546276762,0.48820626092025815,0.2071908709673636,3.487635796017913,0.313104077654953,0.6494054866534991
T=0.78,0.78,0.28205128205128194,0.5619080763267759,0.3571705004469165,0.437121174164235,-0.20199718301880787,0.48820626092025815,0.2071908709673636,3.487635796017913,0.313104077654953,0.6494054866534991
T=0.78,0.78,0.28205128205128194,0.5723103236700766,0.37031982095453,0.45000352381338526,-0.1948884001957426,0.48820626092025815,0.2071908709673636,3.487635796017913,0.313104077654953,0.6494054866534991
T=0.78,0.78,0.28205128205128194,0.5829051412118672,0.3838676555322712,0.4631724469812395,-0.1878015942929515,0.48820626092025815,0.2071908709673636,3.487635796017913,0.313104077654953,0.6494054866534991
T=0.78,0.78,0.28205128205128194,0.5936960938819289,0.3978222249199631,0.4766318969775786,-0.1807392540798255,0.48820626092025815,0.2071908709673636,3.487635796017913,0.313104077654953,0.6494054866534991
T=0.78,0.78,0.28205128205128194,0.6046868126053235,0.41219177781227295,0.49038587799306255,-0.17370386611859134,0.48820626092025815,0.2071908709673636,3.487635796017913,0.313104077654953,0.6494054866534991
T=0.78,0.78,0.28205128205128194,0.6158809955241232,0.42698458768496644,0.5044384493945215,-0.16669791100574693,0.48820626092025815,0.2071908709673636,3.487635796017913,0.313104077654953,0.6494054866534991
T=0.78,0.78,0.28205128205128194,0.6272824092417554,0.4422089498178193,0.5187937301408704,-0.1597238595415943,0.48820626092025815,0.2071908709673636,3.487635796017913,0.313104077654953,0.6494054866534991
T=0.78,0.78,0.28205128205128194,0.638894890090384,0.45787317853918735,0.5334559033062468,-0.15278416883803092,0.48820626092025815,0.2071908709673636,3.487635796017913,0.313104077654953,0.6494054866534991
T=0.78,0.78,0.28205128205128194,0.6507223454217543,0.47398560471719436,0.548429220696472,-0.14588127837540388,0.48820626092025815,0.2071908709673636,3.487635796017913,0.313104077654953,0.6494054866534991
T=0.78,0.78,0.28205128205128194,0.662768754921933,0.49055457352229426,0.5637180075445407,-0.1390176060198841,0.48820626092025815,0.2071908709673636,3.487635796017913,0.313104077654953,0.6494054866534991
T=0.78,0.78,0.28205128205128194,0.675038171950387,0.5075884424856313,0.5793266672705525,-0.1321955440133672,0.48820626092025815,0.2071908709673636,3.487635796017913,0.313104077654953,0.6494054866534991
T=0.78,0.78,0.28205128205128194,0.6875347249038525,0.5250955798771054,0.5952596862913255,-0.12541745494849998,0.48820626092025815,0.2071908709673636,3.487635796017913,0.313104077654953,0.6494054866534991
T=0.78,0.78,0.28205128205128194,0.7002626186054534,0.5430843634263967,0.6115216388648559,-0.1186856677418957,0.48820626092025815,0.2071908709673636,3.487635796017913,0.313104077654953,0.6494054866534991
T=0.78,0.78,0.28205128205128194,0.7132261357195328,0.5615631794093491,0.6281171919548334,-0.11200247361909083,0.48820626092025815,0.2071908709673636,3.487635796017913,0.313104077654953,0.6494054866534991
T=0.78,0.78,0.28205128205128194,0.7264296381926785,0.5805404221211466,0.6450511101005917,-0.10537012212515556,0.48820626092025815,0.2071908709673636,3.487635796017913,0.313104077654953,0.6494054866534991
T=0.78,0.78,0.28205128205128194,0.7398775687214264,0.6000244937565253,0.6623282602781391,-0.09879081717523064,0.48820626092025815,0.2071908709673636,3.487635796017913,0.313104077654953,0.6494054866534991
T=0.78,0.78,0.28205128205128194,0.7535744522471307,0.6200238047159548,0.6799536167383058,-0.09226671315950385,0.48820626092025815,0.2071908709673636,3.487635796017913,0.313104077654953,0.6494054866534991
T=0.78,0.78,0.28205128205128194,0.7675248974785115,0.6405467743552354,0.697932265808558,-0.08579991111735419,0.48820626092025815,0.2071908709673636,3.487635796017913,0.313104077654953,0.6494054866534991
T=0.78,0.78,0.28205128205128194,0.7817335984423858,0.6616018321943128,0.716269410645618,-0.07939245499547865,0.48820626092025815,0.2071908709673636,3.487635796017913,0.313104077654953,0.6494054866534991
T=0.78,0.78,0.28205128205128194,0.796205336063109,0.6831974195993319,0.7349703759267648,-0.07304632800486421,0.48820626092025815,0.2071908709673636,3.487635796017913,0.313104077654953,0.6494054866534991
T=0.78,0.78,0.28205128205128194,0.8109449797712517,0.7053419919500027,0.7540406124684854,-0.06676344909142673,0.48820626092025815,0.2071908709673636,3.487635796017913,0.313104077654953,0.6494054866534991
T=0.78,0.78,0.28205128205128194,0.82595748914206,0.7280440213023234,0.7734857017620547,-0.06054566953494572,0.48820626092025815,0.2071908709673636,3.487635796017913,0.313104077654953,0.6494054866534991
T=0.78,0.78,0.28205128205128194,0.8412479155642475,0.7513119995544915,0.7933113604166185,-0.05439476969076143,0.48820626092025815,0.2071908709673636,3.487635796017913,0.313104077654953,0.6494054866534991
T=0.78,0.78,0.28205128205128194,0.8568214039396782,0.7751544421215664,0.8135234445013961,-0.04831245588831057,0.48820626092025815,0.2071908709673636,3.487635796017913,0.313104077654953,0.6494054866534991
T=0.78,0.78,0.28205128205128194,0.8726831944145167,0.7995798921220674,0.8341279537797611,-0.042300357500184044,0.48820626092025815,0.2071908709673636,3.487635796017913,0.313104077654953,0.6494054866534991
T=0.78,0.78,0.28205128205128194,0.8888386241424255,0.8245969250772193,0.8551310358291404,-0.03636002419488121,0.48820626092025815,0.2071908709673636,3.487635796017913,0.313104077654953,0.6494054866534991
T=0.78,0.78,0.28205128205128194,0.9052931290804038,0.8502141541210563,0.8765389900418887,-0.030492923385797538,0.48820626092025815,0.2071908709673636,3.487635796017913,0.313104077654953,0.6494054866534991
T=0.78,0.78,0.28205128205128194,0.9220522458178695,0.8764402357170206,0.8983582715035627,-0.024700437888301285,0.48820626092025815,0.2071908709673636,3.487635796017913,0.313104077654953,0.6494054866534991
T=0.78,0.78,0.28205128205128194,0.9391216134396042,0.9032838758741182,0.9205954947462996,-0.01898386379594577,0.48820626092025815,0.2071908709673636,3.487635796017913,0.313104077654953,0.6494054866534991
T=0.78,0.78,0.28205128205128194,0.9565069754231851,0.930753836853099,0.9432574373762864,-0.013344408585980419,0.48820626092025815,0.2071908709673636,3.487635796017913,0.313104077654953,0.6494054866534991
T=0.78,0.78,0.28205128205128194,0.9742141815715416,0.9588589443505574,0.9663510435756001,-0.007783189463362886,0.48820626092025815,0.2071908709673636,3.487635796017913,0.313104077654953,0.6494054866534991
T=0.78,0.78,0.28205128205128194,0.9922491899812892,0.9876080951463184,0.9898834274799585,-0.0023012319514121617,0.48820626092025815,0.2071908709673636,3.487635796017913,0.313104077654953,0.6494054866534991
T=0.78,0.78,0.28205128205128194,1.010618069047503,1.0170102651970052,1.0138618764351723,0.003100531263874733,0.48820626092025815,0.2071908709673636,3.487635796017913,0.313104077654953,0.6494054866534991
T=0.78,0.78,0.28205128205128194,1.0293269995056011,1.0470745181562682,1.038293854136274,0.008421261230002967,0.48820626092025815,0.2071908709673636,3.487635796017913,0.313104077654953,0.6494054866534991
T=0.78,0.78,0.28205128205128194,1.048382276511031,1.0778100142998983,1.0631870036544642,0.013660213360087561,0.48820626092025815,0.2071908709673636,3.487635796017913,0.313104077654953,0.6494054866534991
T=0.78,0.78,0.28205128205128194,1.0677903117574554,1.1092260198318484,1.0885491503580846,0.01881673779760533,0.48820626092025815,0.2071908709673636,3.487635796017913,0.313104077654953,0.6494054866534991
T=0.78,0.78,0.28205128205128194,1.0875576356341494,1.1413319165451743,1.114388304734852,0.023890279511857612,0.48820626092025815,0.2071908709673636,3.487635796017913,0.313104077654953,0.6494054866534991
T=0.78,0.78,0.28205128205128194,1.107690899423337,1.1741372118100504,1.1407126651235018,0.028880378123601863,0.48820626092025815,0.2071908709673636,3.487635796017913,0.313104077654953,0.6494054866534991
T=0.78,0.78,0.28205128205128194,1.1281968775382059,1.2076515488593234,1.1675306203638471,0.033786667461690456,0.48820626092025815,0.2071908709673636,3.487635796017913,0.313104077654953,0.6494054866534991
T=0.78,0.78,0.28205128205128194,1.1490824698023527,1.241884717340601,1.1948507523749818,0.03860887485299244,0.48820626092025815,0.2071908709673636,3.487635796017913,0.313104077654953,0.6494054866534991
T=0.78,0.78,0.28205128205128194,1.1703547037714264,1.2768466641025988,1.222681838671998,0.0433468201492786,0.48820626092025815,0.2071908709673636,3.487635796017913,0.313104077654953,0.6494054866534991
T=0.78,0.78,0.28205128205128194,1.1920207370977491,1.3125475041824348,1.2510328548321274,0.04800041449614548,0.48820626092025815,0.2071908709673636,3.487635796017913,0.313104077654953,0.6494054866534991
T=0.78,0.78,0.28205128205128194,1.2140878599387166,1.3489975319597838,1.2799129769216215,0.052569658850460804,0.48820626092025815,0.2071908709673636,3.487635796017913,0.313104077654953,0.6494054866534991
T=0.78,0.78,0.28205128205128194,1.2365634974097768,1.3862072324432384,1.3093315838949813,0.05705464225414131,0.48820626092025815,0.2071908709673636,3.487635796017913,0.313104077654953,0.6494054866534991
T=0.78,0.78,0.28205128205128194,1.2594552120828248,1.4241872926539758,1.3392982599783647,0.061455539873384535,0.48820626092025815,0.2071908709673636,3.487635796017913,0.313104077654953,0.6494054866534991
T=0.78,0.78,0.28205128205128194,1.2827707065308454,1.4629486130717995,1.3698227970490493,0.06577261081372854,0.48820626092025815,0.2071908709673636,3.487635796017913,0.313104077654953,0.6494054866534991
T=0.78,0.78,0.28205128205128194,1.3065178259196666,1.502502319108897,1.4009151970228193,0.07000619572248284,0.48820626092025815,0.2071908709673636,3.487635796017913,0.313104077654953,0.6494054866534991
T=0.78,0.78,0.28205128205128194,1.3307045606476873,1.5428597725771696,1.4325856742609826,0.07415671419118425,0.48820626092025815,0.2071908709673636,3.487635796017913,0.313104077654953,0.6494054866534991
T=0.78,0.78,0.28205128205128194,1.3553390490344777,1.5840325831158286,1.464844658008524,0.07822466197174466,0.48820626092025815,0.2071908709673636,3.487635796017913,0.313104077654953,0.6494054866534991
T=0.78,0.78,0.28205128205128194,1.38042958005915,1.626032619546977,1.4977027948745416,0.08221060802086194,0.48820626092025815,0.2071908709673636,3.487635796017913,0.313104077654953,0.6494054866534991
T=0.78,0.78,0.28205128205128194,1.4059845961494215,1.6688720211282557,1.5311709513657055,0.08611519138810209,0.48820626092025815,0.2071908709673636,3.487635796017913,0.313104077654953,0.6494054866534991
T=0.78,0.78,0.28205128205128194,1.432012696022312,1.7125632086731977,1.5652602164830047,0.08993911796373322,0.48820626092025815,0.2071908709673636,3.487635796017913,0.313104077654953,0.6494054866534991
T=0.78,0.78,0.28205128205128194,1.4585226375774296,1.7571188955117512,1.599981904391471,0.09368315710299929,0.48820626092025815,0.2071908709673636,3.487635796017913,0.313104077654953,0.6494054866534991
T=0.78,0.78,0.28205128205128194,1.485523340843814,1.8025520982654553,1.6353475571719651,0.09734813814395904,0.48820626092025815,0.2071908709673636,3.487635796017913,0.313104077654953,0.6494054866534991
T=0.78,0.78,0.28205128205128194,1.5130238909813374,1.8488761474140194,1.6713689476634532,0.10093494683637205,0.48820626092025815,0.2071908709673636,3.487635796017913,0.313104077654953,0.6494054866534991
T=0.78,0.78,0.28205128205128194,1.5410335413376686,1.8961046976324687,1.7080580824035154,0.10444452169930118,0.48820626092025815,0.2071908709673636,3.487635796017913,0.313104077654953,0.6494054866534991
T=0.78,0.78,0.28205128205128194,1.5695617165618219,1.9442517378805906,1.7454272046740889,0.10787785032518216,0.48820626092025815,0.2071908709673636,3.487635796017913,0.313104077654953,0.6494054866534991
T=0.78,0.78,0.28205128205128194,1.5986180157753556,1.9933316012292044,1.7834887976587608,0.11123596564806804,0.48820626092025815,0.2071908709673636,3.487635796017913,0.313104077654953,0.6494054866534991
T=0.78,0.78,0.28205128205128194,1.6282122158022685,2.043358974410554,1.8222555877171591,0.11451994219355643,0.48820626092025815,0.2071908709673636,3.487635796017913,0.313104077654953,0.6494054866534991
T=0.78,0.78,0.28205128205128194,1.6583542744586905,2.0943489070831194,1.86174054778129,0.11773089232762746,0.48820626092025815,0.2071908709673636,3.487635796017913,0.313104077654953,0.6494054866534991
T=0.78,0.78,0.28205128205128194,1.6890543339034803,2.146316820804115,1.9019569008779784,0.12086996252117554,0.48820626092025815,0.2071908709673636,3.487635796017913,0.313104077654953,0.6494054866534991
T=0.78,0.78,0.28205128205128194,1.7203227240508412,2.199278517705962,1.9429181237808681,0.12393832964649143,0.48820626092025815,0.2071908709673636,3.487635796017913,0.313104077654953,0.6494054866534991
T=0.78,0.78,0.28205128205128194,1.7521699660461154,2.253250188876087,1.984637950794812,0.12693719732131126,0.48820626092025815,0.2071908709673636,3.487635796017913,0.313104077654953,0.6494054866534991
T=0.78,0.78,0.28205128205128194,1.7846067758059292,2.3082484224423934,2.027130377674918,0.1298677923152819,0.48820626092025815,0.2071908709673636,3.487635796017913,0.313104077654953,0.6494054866534991
T=0.78,0.78,0.28205128205128194,1.817644067623868,2.3642902113696938,2.070409665681902,0.13273136103288385,0.48820626092025815,0.2071908709673636,3.487635796017913,0.313104077654953,0.6494054866534991
T=0.78,0.78,0.28205128205128194,1.8512929578428996,2.421392960975281,2.114490345774953,0.1355291660859128,0.48820626092025815,0.2071908709673636,3.487635796017913,0.313104077654953,0.6494054866534991
T=0.78,0.78,0.28205128205128194,1.8855647685957924,2.4795744961745942,2.159387222942879,0.1382624829676412,0.48820626092025815,0.2071908709673636,3.487635796017913,0.313104077654953,0.6494054866534991
T=0.78,0.78,0.28205128205128194,1.9204710316147646,2.5388530684704844,2.2051153806738655,0.14093259683972215,0.48820626092025815,0.2071908709673636,3.487635796017913,0.313104077654953,0.6494054866534991
T=0.78,0.78,0.28205128205128194,1.9560234921116717,2.59924736270216,2.2516901855639255,0.1435407994418073,0.48820626092025815,0.2071908709673636,3.487635796017913,0.313104077654953,0.6494054866534991
T=0.78,0.78,0.28205128205128194,1.9922341127300172,2.660776503572065,2.2991272920637855,0.1460883861327016,0.48820626092025815,0.2071908709673636,3.487635796017913,0.313104077654953,0.6494054866534991
T=0.78,0.78,0.28205128205128194,2.0291150775701223,2.7234600619710516,2.3474426473637893,0.14857665307070378,0.48820626092025815,0.2071908709673636,3.487635796017913,0.313104077654953,0.6494054866534991
T=0.78,0.78,0.28205128205128194,2.0666787962888233,2.787318061124104,2.3966524964162503,0.15100689453961802,0.48820626092025815,0.2071908709673636,3.487635796017913,0.313104077654953,0.6494054866534991
T=0.78,0.78,0.28205128205128194,2.1049379082750517,2.8523709825803785,2.446773387094532,0.15338040042571177,0.48820626092025815,0.2071908709673636,3.487635796017913,0.313104077654953,0.6494054866534991
T=0.78,0.78,0.28205128205128194,2.1439052869027146,2.918639772072761,2.4978221754881416,0.15569845384972558,0.48820626092025815,0.2071908709673636,3.487635796017913,0.313104077654953,0.6494054866534991
T=0.78,0.78,0.28205128205128194,2.183594043862319,2.9861458452732372,2.549816031333114,0.15796232895687323,0.48820626092025815,0.2071908709673636,3.487635796017913,0.313104077654953,0.6494054866534991
T=0.78,0.78,0.28205128205128194,2.2240175335727703,3.0549110934711345,2.6027724435769395,0.16017328886662863,0.48820626092025815,0.2071908709673636,3.487635796017913,0.313104077654953,0.6494054866534991
T=0.78,0.78,0.28205128205128194,2.265189357674846,3.1249578892019354,2.6567092260774205,0.16233258378300863,0.48820626092025815,0.2071908709673636,3.487635796017913,0.313104077654953,0.6494054866534991
T=0.78,0.78,0.28205128205128194,2.3071233696078646,3.196309091854641,2.711644523434953,0.16444144926498416,0.48820626092025815,0.2071908709673636,3.487635796017913,0.313104077654953,0.6494054866534991
T=0.78,0.78,0.28205128205128194,2.3498336792710672,3.268988053285653,2.767596816957777,0.16650110465567614,0.48820626092025815,0.2071908709673636,3.487635796017913,0.313104077654953,0.6494054866534991
T=0.78,0.78,0.28205128205128194,2.3933346577712964,3.343018623466993,2.824584930759999,0.16851275166802804,0.48820626092025815,0.2071908709673636,3.487635796017913,0.313104077654953,0.6494054866534991
T=0.78,0.78,0.28205128205128194,2.4376409422585708,3.418425156196201,2.8826280379922644,0.17047757312380307,0.48820626092025815,0.2071908709673636,3.487635796017913,0.313104077654953,0.6494054866534991
T=0.78,0.78,0.28205128205128194,2.4827674408511715,3.495232514894531,2.941745667205209,0.17239673184191595,0.48820626092025815,0.2071908709673636,3.487635796017913,0.313104077654953,0.6494054866534991
T=0.78,0.78,0.28205128205128194,2.528729337651901,3.5734660785192354,3.0019577088459393,0.17427136967142576,0.48820626092025815,0.2071908709673636,3.487635796017913,0.313104077654953,0.6494054866534991
T=0.78,0.78,0.28205128205128194,2.575542097857218,3.6531517476146265,3.0632844218880755,0.1761026066638438,0.48820626092025815,0.2071908709673636,3.487635796017913,0.313104077654953,0.6494054866534991
T=0.78,0.78,0.28205128205128194,2.62322147296094,3.734315950525323,3.1257464405959743,0.17789154037886035,0.48820626092025815,0.2071908709673636,3.487635796017913,0.313104077654953,0.6494054866534991
T=0.78,0.78,0.28205128205128194,2.671783506054283,3.8169856497937418,3.189364781424035,0.17963924531711672,0.48820626092025815,0.2071908709673636,3.487635796017913,0.313104077654953,0.6494054866534991
T=0.78,0.78,0.28205128205128194,2.7212445372240257,3.901188348762415,3.2541608500521657,0.18134677247325048,0.48820626092025815,0.2071908709673636,3.487635796017913,0.313104077654953,0.6494054866534991
T=0.78,0.78,0.28205128205128194,2.7716212090505907,3.9869520983999864,3.32015644855859,0.183015149002131,0.48820626092025815,0.2071908709673636,3.487635796017913,0.313104077654953,0.6494054866534991
T=0.78,0.78,0.28205128205128194,2.822930472207926,4.0743055043682785,3.3873737827314994,0.1846453779909769,0.48820626092025815,0.2071908709673636,3.487635796017913,0.313104077654953,0.6494054866534991
T=0.78,0.78,0.28205128205128194,2.8751895911670413,4.163277734345907,3.4558354695210776,0.18623843832988207,0.48820626092025815,0.2071908709673636,3.487635796017913,0.313104077654953,0.6494054866534991
T=0.78,0.78,0.28205128205128194,2.9284161500051282,4.253898525622344,3.525564544633676,0.18779528467321183,0.48820626092025815,0.2071908709673636,3.487635796017913,0.313104077654953,0.6494054866534991
T=0.78,0.78,0.28205128205128194,2.982628058322237,4.346198192974601,3.5965844702700567,0.18931684748431699,0.48820626092025815,0.2071908709673636,3.487635796017913,0.313104077654953,0.6494054866534991
T=0.78,0.78,0.28205128205128194,3.037843557267468,4.440207636836957,3.6689191430097217,0.19080403315607652,0.48820626092025815,0.2071908709673636,3.487635796017913,0.313104077654953,0.6494054866534991
T=0.78,0.78,0.28205128205128194,3.094081225676725,4.535958351772622,3.742592901843521,0.1922577241998913,0.48820626092025815,0.2071908709673636,3.487635796017913,0.313104077654953,0.6494054866534991
T=0.78,0.78,0.28205128205128194,3.1513599863241075,4.633482435254664,3.817630536356864,0.1936787794959398,0.48820626092025815,0.2071908709673636,3.487635796017913,0.313104077654953,0.6494054866534991
T=0.78,0.78,0.28205128205128194,3.209699112289013,4.732812596762054,3.8940572950659136,0.1950680345977227,0.48820626092025815,0.2071908709673636,3.487635796017913,0.313104077654953,0.6494054866534991
T=0.78,0.78,0.28205128205128194,3.2691182334411115,4.833982167195315,3.9718988939093145,0.19642630208418366,0.48820626092025815,0.2071908709673636,3.487635796017913,0.313104077654953,0.6494054866534991
T=0.78,0.78,0.28205128205128194,3.329637343045389,4.937025108615176,4.051181524898096,0.19775437195302037,0.48820626092025815,0.2071908709673636,3.487635796017913,0.313104077654953,0.6494054866534991
T=0.78,0.78,0.28205128205128194,3.3912768044894483,5.041976024306325,4.131931864926451,0.19905301204910586,0.48820626092025815,0.2071908709673636,3.487635796017913,0.313104077654953,0.6494054866534991
T=0.78,0.78,0.28205128205128194,3.454057358135349,5.148870169167552,4.214177084746203,0.20032296852231712,0.48820626092025815,0.2071908709673636,3.487635796017913,0.313104077654953,0.6494054866534991
T=0.78,0.78,0.28205128205128194,3.5180001282983056,5.257743460428713,4.297944858107894,0.20156496630943743,0.48820626092025815,0.2071908709673636,3.487635796017913,0.313104077654953,0.6494054866534991
T=0.78,0.78,0.28205128205128194,3.5831266303545637,5.3686324886942165,4.383263371071429,0.20277970963519,0.48820626092025815,0.2071908709673636,3.487635796017913,0.313104077654953,0.6494054866534991
T=0.78,0.78,0.28205128205128194,3.6494587779808607,5.481574529312183,4.470161331489354,0.2039678825278417,0.48820626092025815,0.2071908709673636,3.487635796017913,0.313104077654953,0.6494054866534991
T=0.78,0.78,0.28205128205128194,3.7170188905279193,5.596607554068137,4.558667978665909,0.2051301493452362,0.48820626092025815,0.2071908709673636,3.487635796017913,0.313104077654953,0.6494054866534991
T=0.78,0.78,0.28205128205128194,3.785829700530421,5.713770243201569,4.648813093195027,0.20626715530747286,0.48820626092025815,0.2071908709673636,3.487635796017913,0.313104077654953,0.6494054866534991
T=0.78,0.78,0.28205128205128194,3.8559143613560285,5.8331019977438086,4.740627006980595,0.20737952703286977,0.48820626092025815,0.2071908709673636,3.487635796017913,0.313104077654953,0.6494054866534991
T=0.78,0.78,0.28205128205128194,3.9272964549959966,5.954642952175352,4.834140613442284,0.20846787307418846,0.48820626092025815,0.2071908709673636,3.487635796017913,0.313104077654953,0.6494054866534991
T=0.78,0.78,0.28205128205128194,4.0,6.078433987400964,4.929385377910364,0.20953278445247747,0.48820626092025815,0.2071908709673636,3.487635796017913,0.313104077654953,0.6494054866534991
T=0.62,0.62,0.6129032258064517,0.15,0.009432296514551625,0.03068674806543564,-1.179691302472889,1.3341889167559404,0.2071908709673636,1.9839173572771545,0.61100319302984,1.179691302472889
T=0.62,0.62,0.6129032258064517,0.15277685473342037,0.009927014446901668,0.032067293119498304,-1.1725768318433327,1.3341889167559404,0.2071908709673636,1.9839173572771545,0.61100319302984,1.179691302472889
T=0.62,0.62,0.6129032258064517,0.15560511561491083,0.010446966836047601,0.03350434952328236,-1.1653635855638487,1.3341889167559404,0.2071908709673636,1.9839173572771545,0.61100319302984,1.179691302472889
T=0.62,0.62,0.6129032258064517,0.15848573429384208,0.010993390305823175,0.03499989444059415,-1.158050834593785,1.3341889167559404,0.2071908709673636,1.9839173572771545,0.61100319302984,1.179691302472889
T=0.62,0.62,0.6129032258064517,0.16141968003686513,0.011567578547103793,0.03655595505993616,-1.1506378699580608,1.3341889167559404,0.2071908709673636,1.9839173572771545,0.61100319302984,1.179691302472889
T=0.62,0.62,0.6129032258064517,0.16440794005404888,0.012170884707291491,0.03817460882101672,-1.1431240039501498,1.3341889167559404,0.2071908709673636,1.9839173572771545,0.61100319302984,1.179691302472889
T=0.62,0.62,0.6129032258064517,0.1674515198310554,0.01280472386314788,0.03985798358273672,-1.1355085713661386,1.3341889167559404,0.2071908709673636,1.9839173572771545,0.61100319302984,1.179691302472889
T=0.62,0.62,0.6129032258064517,0.1705514434674641,0.013470575578733024,0.04160825773015479,-1.1277909307692546,1.3341889167559404,0.2071908709673636,1.9839173572771545,0.61100319302984,1.179691302472889
T=0.62,0.62,0.6129032258064517,0.17370875402135943,0.014169986550158171,0.04342766021803934,-1.1199704657844496,1.3341889167559404,0.2071908709673636,1.9839173572771545,0.61100319302984,1.179691302472889
T=0.62,0.62,0.6129032258064517,0.17692451386029784,0.014904573338792498,0.04531847054873688,-1.112046586423213,1.3341889167559404,0.2071908709673636,1.9839173572771545,0.61100319302984,1.179691302472889
T=0.62,0.62,0.6129032258064517,0.1801998050187716,0.01567602519451688,0.047283018682229006,-1.1040187304373092,1.3341889167559404,0.2071908709673636,1.9839173572771545,0.61100319302984,1.179691302472889
T=0.62,0.62,0.6129032258064517,0.1835357295622903,0.016486106970519953,0.04932368487641451,-1.095886364701676,1.3341889167559404,0.2071908709673636,1.9839173572771545,0.61100319302984,1.179691302472889
T=0.62,0.62,0.6129032258064517,0.18693340995820235,0.017336662131058774,0.051442899455835155,-1.0876489866255872,1.3341889167559404,0.2071908709673636,1.9839173572771545,0.61100319302984,1.179691302472889
T=0.62,0.62,0.6129032258064517,0.19039398945338126,0.018229615853514042,0.053643142507268905,-1.079306125590941,1.3341889167559404,0.2071908709673636,1.9839173572771545,0.61100319302984,1.179691302472889
T=0.62,0.62,0.6129032258064517,0.19391863245890398,0.01916697822594565,0.05592694350084061,-1.0708573444174472,1.3341889167559404,0.2071908709673636,1.9839173572771545,0.61100319302984,1.179691302472889
T=0.62,0.62,0.6129032258064517,0.19750852494185006,0.020150847541251092,0.05829688083554774,-1.062302240853327,1.3341889167559404,0.2071908709673636,1.9839173572771545,0.61100319302984,1.179691302472889
T=0.62,0.62,0.6129032258064517,0.20116487482435436,0.021183413688891425,0.06075558130837063,-1.053640449090517,1.3341889167559404,0.2071908709673636,1.9839173572771545,0.61100319302984,1.179691302472889
T=0.62,0.62,0.6129032258064517,0.20488891239004717,0.02226696164500163,0.06330571950642637,-1.0448716413033168,1.3341889167559404,0.2071908709673636,1.9839173572771545,0.61100319302984,1.179691302472889
T=0.62,0.62,0.6129032258064517,0.2086818906980182,0.02340387506155198,0.0659500171219405,-1.035995529208951,1.3341889167559404,0.2071908709673636,1.9839173572771545,0.61100319302984,1.179691302472889
T=0.62,0.62,0.6129032258064517,0.21254508600444416,0.024596639955047888,0.06869124219014681,-1.0270118656487348,1.3341889167559404,0.2071908709673636,1.9839173572771545,0.61100319302984,1.179691302472889
T=0.62,0.62,0.6129032258064517,0.21647979819202204,0.025847848495076212,0.0715322082505817,-1.0179204461881013,1.3341889167559404,0.2071908709673636,1.9839173572771545,0.61100319302984,1.179691302472889
T=0.62,0.62,0.6129032258064517,0.22048735120735138,0.027160202892796078,0.07447577343261431,-1.008721110733922,1.3341889167559404,0.2071908709673636,1.9839173572771545,0.61100319302984,1.179691302472889
T=0.62,0.62,0.6129032258064517,0.22456909350641435,0.028536519389266254,0.0775248394664525,-0.9994137451669842,1.3341889167559404,0.2071908709673636,1.9839173572771545,0.61100319302984,1.179691302472889
T=0.62,0.62,0.6129032258064517,0.2287263985083024,0.029979732343257064,0.08068235062127896,-0.9899982829878082,1.3341889167559404,0.2071908709673636,1.9839173572771545,0.61100319302984,1.179691302472889
T=0.62,0.62,0.6129032258064517,0.23296066505734223,0.03149289841795293,0.08395129257260109,-0.9804747069734523,1.3341889167559404,0.2071908709673636,1.9839173572771545,0.61100319302984,1.179691302472889
T=0.62,0.62,0.6129032258064517,0.23727331789377706,0.033079200865681085,0.08733469120134808,-0.9708430508430017,1.3341889167559404,0.2071908709673636,1.9839173572771545,0.61100319302984,1.179691302472889
T=0.62,0.62,0.6129032258064517,0.24166580813316169,0.03474195390952135,0.09083561132770873,-0.9611034009291539,1.3341889167559404,0.2071908709673636,1.9839173572771545,0.61100319302984,1.179691302472889
T=0.62,0.62,0.6129032258064517,0.2461396137546312,0.0364846072203445,0.09445715538317419,-0.9512558978532835,1.3341889167559404,0.2071908709673636,1.9839173572771545,0.61100319302984,1.179691302472889
T=0.62,0.62,0.6129032258064517,0.2506962400982099,0.03831075048751293,0.0982024620247367,-0.9413007382010705,1.3341889167559404,0.2071908709673636,1.9839173572771545,0.61100319302984,1.179691302472889
T=0.62,0.62,0.6129032258064517,0.25533722037132595,0.040224118081137884,0.10207470469567949,-0.9312381761955968,1.3341889167559404,0.2071908709673636,1.9839173572771545,0.61100319302984,1.179691302472889
T=0.62,0.62,0.6129032258064517,0.26006411616470265,0.04222859380342872,0.10607709013789114,-0.9210685253647553,1.3341889167559404,0.2071908709673636,1.9839173572771545,0.61100319302984,1.179691302472889
T=0.62,0.62,0.6129032258064517,0.26487851797780093,0.04432821572629573,0.11021285686113128,-0.9107921601995681,1.3341889167559404,0.2071908709673636,1.9839173572771545,0.61100319302984,1.179691302472889
T=0.62,0.62,0.6129032258064517,0.2697820457539878,0.046527181111975416,0.11448527357516815,-0.9004095177998246,1.3341889167559404,0.2071908709673636,1.9839173572771545,0.61100319302984,1.179691302472889
T=0.62,0.62,0.6129032258064517,0.27477634942561296,0.048829851413037056,0.11889763759119998,-0.88992109950324,1.3341889167559404,0.2071908709673636,1.9839173572771545,0.61100319302984,1.179691302472889
T=0.62,0.62,0.6129032258064517,0.2798631094691762,0.05124075734769418,0.12345327319945043,-0.8793274724942588,1.3341889167559404,0.2071908709673636,1.9839173572771545,0.61100319302984,1.179691302472889
T=0.62,0.62,0.6129032258064517,0.285044037470771,0.053764604045899715,0.1281555300302988,-0.8686292713883788,1.3341889167559404,0.2071908709673636,1.9839173572771545,0.61100319302984,1.179691302472889
T=0.62,0.62,0.6129032258064517,0.29032087670199735,0.05640627626123799,0.13300778140675962,-0.8578271997876974,1.3341889167559404,0.2071908709673636,1.9839173572771545,0.61100319302984,1.179691302472889
T=0.62,0.62,0.6129032258064517,0.2956954027065353,0.05917084364314248,0.1380134226965574,-0.8469220318032331,1.3341889167559404,0.2071908709673636,1.9839173572771545,0.61100319302984,1.179691302472889
T=0.62,0.62,0.6129032258064517,0.3011694238975772,0.06206356606347127,0.1431758696724552,-0.8359146135393833,1.3341889167559404,0.2071908709673636,1.9839173572771545,0.61100319302984,1.179691302472889
T=0.62,0.62,0.6129032258064517,0.3067447821663203,0.06508989899095302,0.14849855688987545,-0.8248058645357881,1.3341889167559404,0.2071908709673636,1.9839173572771545,0.61100319302984,1.179691302472889
T=0.62,0.62,0.6129032258064517,0.3124233535017239,0.0682554989064928,0.15398493609120253,-0.8135967791616041,1.3341889167559404,0.2071908709673636,1.9839173572771545,0.61100319302984,1.179691302472889
T=0.62,0.62,0.6129032258064517,0.31820704862173943,0.07156622875178144,0.1596384746464705,-0.8022884279571325,1.3341889167559404,0.2071908709673636,1.9839173572771545,0.61100319302984,1.179691302472889
T=0.62,0.62,0.6129032258064517,0.3240978136162261,0.07502816340309472,0.1654626540404134,-0.7908819589176135,1.3341889167559404,0.2071908709673636,1.9839173572771545,0.61100319302984,1.179691302472889
T=0.62,0.62,0.6129032258064517,0.3300976306017688,0.07864759516161247,0.17146096841608552,-0.7793785987137625,1.3341889167559404,0.2071908709673636,1.9839173572771545,0.61100319302984,1.179691302472889
T=0.62,0.62,0.6129032258064517,0.33620851838861787,0.08243103925099951,0.17763692318543925,-0.7677796538437072,1.3341889167559404,0.2071908709673636,1.9839173572771545,0.61100319302984,1.179691302472889
T=0.62,0.62,0.6129032258064517,0.34243253315997574,0.08638523931242827,0.18399403371738077,-0.7560865117106172,1.3341889167559404,0.2071908709673636,1.9839173572771545,0.61100319302984,1.179691302472889
T=0.62,0.62,0.6129032258064517,0.34877176916385844,0.09051717288661631,0.19053582411389391,-0.7443006416205236,1.3341889167559404,0.2071908709673636,1.9839173572771545,0.61100319302984,1.179691302472889
T=0.62,0.62,0.6129032258064517,0.3552283594177654,0.09483405687188382,0.1972658260848444,-0.7324235956944964,1.3341889167559404,0.2071908709673636,1.9839173572771545,0.61100319302984,1.179691302472889
T=0.62,0.62,0.6129032258064517,0.3618044764263946,0.09934335294663403,0.20418757793202588,-0.7204570096894762,1.3341889167559404,0.2071908709673636,1.9839173572771545,0.61100319302984,1.179691302472889
T=0.62,0.62,0.6129032258064517,0.3685023329126433,0.104052772944084,0.21130462365290129,-0.7084026037219078,1.3341889167559404,0.2071908709673636,1.9839173572771545,0.61100319302984,1.179691302472889
T=0.62,0.62,0.6129032258064517,0.3753241825621427,0.10897028416649113,0.21862051217431902,-0.6962621828883773,1.3341889167559404,0.2071908709673636,1.9839173572771545,0.61100319302984,1.179691302472889
T=0.62,0.62,0.6129032258064517,0.3822723207815748,0.11410411462555126,0.22613879672623613,-0.6840376377774384,1.3341889167559404,0.2071908709673636,1.9839173572771545,0.61100319302984,1.179691302472889
T=0.62,0.62,0.6129032258064517,0.3893490854710275,0.11946275819509351,0.23386303436516975,-0.6717309448668234,1.3341889167559404,0.2071908709673636,1.9839173572771545,0.61100319302984,1.179691302472889
T=0.62,0.62,0.6129032258064517,0.3965568578106482,0.12505497966165394,0.24179678565671392,-0.659344166800319,1.3341889167559404,0.2071908709673636,1.9839173572771545,0.61100319302984,1.179691302472889
T=0.62,0.62,0.6129032258064517,0.4038980630618602,0.13088981965799376,0.24994361452600497,-0.6468794525386679,1.3341889167559404,0.2071908709673636,1.9839173572771545,0.61100319302984,1.179691302472889
T=0.62,0.62,0.6129032258064517,0.4113751713834111,0.13697659946413762,0.25830708828449556,-0.6343390373789428,1.3341889167559404,0.2071908709673636,1.9839173572771545,0.61100319302984,1.179691302472889
T=0.62,0.62,0.6129032258064517,0.41899069866252875,0.1433249256600429,0.2668907778408063,-0.6217252428370008,1.3341889167559404,0.2071908709673636,1.9839173572771545,0.61100319302984,1.179691302472889
T=0.62,0.62,0.6129032258064517,0.426747207361463,0.14994469461358703,0.2756982581027616,-0.6090404763877628,1.3341889167559404,0.2071908709673636,1.9839173572771545,0.61100319302984,1.179691302472889
T=0.62,0.62,0.6129032258064517,0.43464730737970037,0.15684609678717035,0.2847331085769987,-0.5962872310582923,1.3341889167559404,0.2071908709673636,1.9839173572771545,0.61100319302984,1.179691302472889
T=0.62,0.62,0.6129032258064517,0.4426936569321385,0.16403962084588508,0.29399891417174356,-0.5834680848688756,1.3341889167559404,0.2071908709673636,1.9839173572771545,0.61100319302984,1.179691302472889
T=0.62,0.62,0.6129032258064517,0.4508889634435197,0.17153605754992343,0.30349926620751644,-0.5705857001175052,1.3341889167559404,0.2071908709673636,1.9839173572771545,0.61100319302984,1.179691302472889
T=0.62,0.62,0.6129032258064517,0.45923598445942065,0.1793465034136432,0.3132377636396194,-0.5576428225035537,1.3341889167559404,0.2071908709673636,1.9839173572771545,0.61100319302984,1.179691302472889
T=0.62,0.62,0.6129032258064517,0.46773752857410794,0.1874823641135483,0.323218014495324,-0.5446422800866877,1.3341889167559404,0.2071908709673636,1.9839173572771545,0.61100319302984,1.179691302472889
T=0.62,0.62,0.6129032258064517,0.47639645637557027,0.19595535762733518,0.3334436375276809,-0.531586982077423,1.3341889167559404,0.2071908709673636,1.9839173572771545,0.61100319302984,1.179691302472889
T=0.62,0.62,0.6129032258064517,0.4852156814080449,0.20477751708611483,0.34391826408685283,-0.5184799174561687,1.3341889167559404,0.2071908709673636,1.9839173572771545,0.61100319302984,1.179691302472889
T=0.62,0.62,0.6129032258064517,0.494198171152363,0.21396119332197305,0.35464554020881206,-0.5053241534179871,1.3341889167559404,0.2071908709673636,1.9839173572771545,0.61100319302984,1.179691302472889
T=0.62,0.62,0.6129032258064517,0.5033469480244437,0.22351905709317185,0.3656291289201742,-0.49212283364073794,1.3341889167559404,0.2071908709673636,1.9839173572771545,0.61100319302984,1.179691302472889
T=0.62,0.62,0.6129032258064517,0.5126650903922728,0.2334641009694992,0.37687271275683804,-0.4788791763748367,1.3341889167559404,0.2071908709673636,1.9839173572771545,0.61100319302984,1.179691302472889
T=0.62,0.62,0.6129032258064517,0.5221557336117073,0.24380964086062087,0.38837999649301014,-0.46559647235327806,1.3341889167559404,0.2071908709673636,1.9839173572771545,0.61100319302984,1.179691302472889
T=0.62,0.62,0.6129032258064517,0.5318220710814556,0.25456931717069575,0.4001547100760924,-0.45227808252119617,1.3341889167559404,0.2071908709673636,1.9839173572771545,0.61100319302984,1.179691302472889
T=0.62,0.62,0.6129032258064517,0.5416673553175886,0.2657570955630634,0.41220061176182954,-0.43892743558476643,1.3341889167559404,0.2071908709673636,1.9839173572771545,0.61100319302984,1.179691302472889
T=0.62,0.62,0.6129032258064517,0.5516948990479416,0.2773872673194535,0.42452149144304185,-0.42554802537987435,1.3341889167559404,0.2071908709673636,1.9839173572771545,0.61100319302984,1.179691302472889
T=0.62,0.62,0.6129032258064517,0.5619080763267759,0.28947444927894045,0.437121174164235,-0.4121434080615889,1.3341889167559404,0.2071908709673636,1.9839173572771545,0.61100319302984,1.179691302472889
T=0.62,0.62,0.6129032258064517,0.5723103236700766,0.302033583342765,0.45000352381338526,-0.39871719911611825,1.3341889167559404,0.2071908709673636,1.9839173572771545,0.61100319302984,1.179691302472889
T=0.62,0.62,0.6129032258064517,0.5829051412118672,0.31507993553215896,0.4631724469812395,-0.38527307019760304,1.3341889167559404,0.2071908709673636,1.9839173572771545,0.61100319302984,1.179691302472889
T=0.62,0.62,0.6129032258064517,0.5936960938819289,0.3286290945874731,0.4766318969775786,-0.37181474579275986,1.3341889167559404,0.2071908709673636,1.9839173572771545,0.61100319302984,1.179691302472889
T=0.62,0.62,0.6129032258064517,0.6046868126053235,0.3426969700981932,0.49038587799306255,-0.3583459997170976,1.3341889167559404,0.2071908709673636,1.9839173572771545,0.61100319302984,1.179691302472889
T=0.62,0.62,0.6129032258064517,0.6158809955241232,0.35729979015486696,0.5044384493945215,-0.34487065144711915,1.3341889167559404,0.2071908709673636,1.9839173572771545,0.61100319302984,1.179691302472889
T=0.62,0.62,0.6129032258064517,0.6272824092417554,0.37245409851552996,0.5187937301408704,-0.3313925622936108,1.3341889167559404,0.2071908709673636,1.9839173572771545,0.61100319302984,1.179691302472889
T=0.62,0.62,0.6129032258064517,0.638894890090384,0.3881767512809271,0.5334559033062468,-0.31791563142187085,1.3341889167559404,0.2071908709673636,1.9839173572771545,0.61100319302984,1.179691302472889
T=0.62,0.62,0.6129032258064517,0.6507223454217543,0.40448491307470213,0.548429220696472,-0.3044437917253534,1.3341889167559404,0.2071908709673636,1.9839173572771545,0.61100319302984,1.179691302472889
T=0.62,0.62,0.6129032258064517,0.662768754921933,0.42139605272668756,0.5637180075445407,-0.29098100555999973,1.3341889167559404,0.2071908709673636,1.9839173572771545,0.61100319302984,1.179691302472889
T=0.62,0.62,0.6129032258064517,0.675038171950387,0.4389279384595854,0.5793266672705525,-0.2775312603471396,1.3341889167559404,0.2071908709673636,1.9839173572771545,0.61100319302984,1.179691302472889
T=0.62,0.62,0.6129032258064517,0.6875347249038525,0.45709863258160477,0.5952596862913255,-0.2640985640535174,1.3341889167559404,0.2071908709673636,1.9839173572771545,0.61100319302984,1.179691302472889
T=0.62,0.62,0.6129032258064517,0.7002626186054534,0.47592648568999685,0.6115216388648559,-0.2506869405577029,1.3341889167559404,0.2071908709673636,1.9839173572771545,0.61100319302984,1.179691302472889
T=0.62,0.62,0.6129032258064517,0.7132261357195328,0.4954301303929817,0.6281171919548334,-0.23730042491270037,1.3341889167559404,0.2071908709673636,1.9839173572771545,0.61100319302984,1.179691302472889
T=0.62,0.62,0.6129032258064517,0.7264296381926785,0.5156284745601931,0.6450511101005917,-0.22394305851522406,1.3341889167559404,0.2071908709673636,1.9839173572771545,0.61100319302984,1.179691302472889
T=0.62,0.62,0.6129032258064517,0.7398775687214264,0.5365406941145415,0.6623282602781391,-0.21061888419261632,1.3341889167559404,0.2071908709673636,1.9839173572771545,0.61100319302984,1.179691302472889
T=0.62,0.62,0.6129032258064517,0.7535744522471307,0.5581862253812339,0.6799536167383058,-0.19733194121895659,1.3341889167559404,0.2071908709673636,1.9839173572771545,0.61100319302984,1.179691302472889
T=0.62,0.62,0.6129032258064517,0.7675248974785115,0.5805847570126679,0.697932265808558,-0.18408626027235575,1.3341889167559404,0.2071908709673636,1.9839173572771545,0.61100319302984,1.179691302472889
T=0.62,0.62,0.6129032258064517,0.7817335984423858,0.6037562215109304,0.716269410645618,-0.17088585834586928,1.3341889167559404,0.2071908709673636,1.9839173572771545,0.61100319302984,1.179691302472889
T=0.62,0.62,0.6129032258064517,0.796205336063109,0.6277207863727307,0.7349703759267648,-0.15773473362486884,1.3341889167559404,0.2071908709673636,1.9839173572771545,0.61100319302984,1.179691302472889
T=0.62,0.62,0.6129032258064517,0.8109449797712517,0.6524988448847393,0.7540406124684854,-0.14463686034401818,1.3341889167559404,0.2071908709673636,1.9839173572771545,0.61100319302984,1.179691302472889
T=0.62,0.62,0.6129032258064517,0.82595748914206,0.6781110066004944,0.7734857017620547,-0.13159618363727033,1.3341889167559404,0.2071908709673636,1.9839173572771545,0.61100319302984,1.179691302472889
T=0.62,0.62,0.6129032258064517,0.8412479155642475,0.7045780875332086,0.7933113604166185,-0.11861661439454405,1.3341889167559404,0.2071908709673636,1.9839173572771545,0.61100319302984,1.179691302472889
T=0.62,0.62,0.6129032258064517,0.8568214039396782,0.7319211001020034,0.8135234445013961,-0.10570202413885871,1.3341889167559404,0.2071908709673636,1.9839173572771545,0.61100319302984,1.179691302472889
T=0.62,0.62,0.6129032258064517,0.8726831944145167,0.7601612428722619,0.8341279537797611,-0.09285623993780054,1.3341889167559404,0.2071908709673636,1.9839173572771545,0.61100319302984,1.179691302472889
T=0.62,0.62,0.6129032258064517,0.8888386241424255,0.7893198901338874,0.8551310358291404,-0.0800830393632293,1.3341889167559404,0.2071908709673636,1.9839173572771545,0.61100319302984,1.179691302472889
T=0.62,0.62,0.6129032258064517,0.9052931290804038,0.819418581364301,0.8765389900418887,-0.0673861455130633,1.3341889167559404,0.2071908709673636,1.9839173572771545,0.61100319302984,1.179691302472889
T=0.62,0.62,0.6129032258064517,0.9220522458178695,0.8504790106259477,0.8983582715035627,-0.054769222108884186,1.3341889167559404,0.2071908709673636,1.9839173572771545,0.61100319302984,1.179691302472889
T=0.62,0.62,0.6129032258064517,0.9391216134396042,0.8825230159508981,0.9205954947462996,-0.042235868682916025,1.3341889167559404,0.2071908709673636,1.9839173572771545,0.61100319302984,1.179691302472889
T=0.62,0.62,0.6129032258064517,0.9565069754231851,0.9155725687678095,0.9432574373762864,-0.029789615867676228,1.3341889167559404,0.2071908709673636,1.9839173572771545,0.61100319302984,1.179691302472889
T=0.62,0.62,0.6129032258064517,0.9742141815715416,0.9496497634289911,0.9663510435756001,-0.017433920801303647,1.3341889167559404,0.2071908709673636,1.9839173572771545,0.61100319302984,1.179691302472889
T=0.62,0.62,0.6129032258064517,0.9922491899812892,0.9847768068976328,0.9898834274799585,-0.005172162661165453,1.3341889167559404,0.2071908709673636,1.9839173572771545,0.61100319302984,1.179691302472889
T=0.62,0.62,0.6129032258064517,1.010618069047503,1.0209760086573194,1.0138618764351723,0.0069923616620801,1.3341889167559404,0.2071908709673636,1.9839173572771545,0.61100319302984,1.179691302472889
T=0.62,0.62,0.6129032258064517,1.0293269995056011,1.0582697709077462,1.038293854136274,0.019056441738274296,1.3341889167559404,0.2071908709673636,1.9839173572771545,0.61100319302984,1.179691302472889
T=0.62,0.62,0.6129032258064517,1.048382276511031,1.0966805791121312,1.0631870036544642,0.031016957608293885,1.3341889167559404,0.2071908709673636,1.9839173572771545,0.61100319302984,1.179691302472889
T=0.62,0.62,0.6129032258064517,1.0677903117574554,1.1362309929630041,1.0885491503580846,0.0428708836207929,1.3341889167559404,0.2071908709673636,1.9839173572771545,0.61100319302984,1.179691302472889
T=0.62,0.62,0.6129032258064517,1.0875576356341494,1.1769436378339777,1.114388304734852,0.054615292085274755,1.3341889167559404,0.2071908709673636,1.9839173572771545,0.61100319302984,1.179691302472889
T=0.62,0.62,0.6129032258064517,1.107690899423337,1.2188411967856585,1.1407126651235018,0.06624735673231624,1.3341889167559404,0.2071908709673636,1.9839173572771545,0.61100319302984,1.179691302472889
T=0.62,0.62,0.6129032258064517,1.1281968775382059,1.2619464031940142,1.1675306203638471,0.07776435597246684,1.3341889167559404,0.2071908709673636,1.9839173572771545,0.61100319302984,1.179691302472889
T=0.62,0.62,0.6129032258064517,1.1490824698023527,1.3062820340693124,1.1948507523749818,0.08916367594612354,1.3341889167559404,0.2071908709673636,1.9839173572771545,0.61100319302984,1.179691302472889
T=0.62,0.62,0.6129032258064517,1.1703547037714264,1.351870904133111,1.222681838671998,0.10044281335745178,1.3341889167559404,0.2071908709673636,1.9839173572771545,0.61100319302984,1.179691302472889
T=0.62,0.62,0.6129032258064517,1.1920207370977491,1.3987358607197333,1.2510328548321274,0.11159937808621626,1.3341889167559404,0.2071908709673636,1.9839173572771545,0.61100319302984,1.179691302472889
T=0.62,0.62,0.6129032258064517,1.2140878599387166,1.44689977956718,1.2799129769216215,0.12263109557220578,1.3341889167559404,0.2071908709673636,1.9839173572771545,0.61100319302984,1.179691302472889
T=0.62,0.62,0.6129032258064517,1.2365634974097768,1.496385561560468,1.3093315838949813,0.13353580896773976,1.3341889167559404,0.2071908709673636,1.9839173572771545,0.61100319302984,1.179691302472889
T=0.62,0.62,0.6129032258064517,1.2594552120828248,1.5472161304880514,1.3392982599783647,0.1443114810545738,1.3341889167559404,0.2071908709673636,1.9839173572771545,0.61100319302984,1.179691302472889
T=0.62,0.62,0.6129032258064517,1.2827707065308454,1.599414431869106,1.3698227970490493,0.154956195922325,1.3341889167559404,0.2071908709673636,1.9839173572771545,0.61100319302984,1.179691302472889
T=0.62,0.62,0.6129032258064517,1.3065178259196666,1.6530034329061931,1.4009151970228193,0.16546816040633777,1.3341889167559404,0.2071908709673636,1.9839173572771545,0.61100319302984,1.179691302472889
T=0.62,0.62,0.6129032258064517,1.3307045606476873,1.7080061236140638,1.4325856742609826,0.17584570528369747,1.3341889167559404,0.2071908709673636,1.9839173572771545,0.61100319302984,1.179691302472889
T=0.62,0.62,0.6129032258064517,1.3553390490344777,1.7644455191712491,1.464844658008524,0.18608728622686954,1.3341889167559404,0.2071908709673636,1.9839173572771545,0.61100319302984,1.179691302472889
T=0.62,0.62,0.6129032258064517,1.38042958005915,1.8223446635364524,1.4977027948745416,0.19619148451517204,1.3341889167559404,0.2071908709673636,1.9839173572771545,0.61100319302984,1.179691302472889
T=0.62,0.62,0.6129032258064517,1.4059845961494215,1.8817266343667804,1.5311709513657055,0.20615700750500487,1.3341889167559404,0.2071908709673636,1.9839173572771545,0.61100319302984,1.179691302472889
T=0.62,0.62,0.6129032258064517,1.432012696022312,1.942614549269529,1.5652602164830047,0.21598268886044913,1.3341889167559404,0.2071908709673636,1.9839173572771545,0.61100319302984,1.179691302472889
T=0.62,0.62,0.6129032258064517,1.4585226375774296,2.0050315734134685,1.599981904391471,0.2256674885464836,1.3341889167559404,0.2071908709673636,1.9839173572771545,0.61100319302984,1.179691302472889
T=0.62,0.62,0.6129032258064517,1.485523340843814,2.0690009285195754,1.6353475571719651,0.235210492587688,1.3341889167559404,0.2071908709673636,1.9839173572771545,0.61100319302984,1.179691302472889
T=0.62,0.62,0.6129032258064517,1.5130238909813374,2.134545903244844,1.6713689476634532,0.24461091259588597,1.3341889167559404,0.2071908709673636,1.9839173572771545,0.61100319302984,1.179691302472889
T=0.62,0.62,0.6129032258064517,1.5410335413376686,2.2016898649662293,1.7080580824035154,0.25386808507070446,1.3341889167559404,0.2071908709673636,1.9839173572771545,0.61100319302984,1.179691302472889
T=0.62,0.62,0.6129032258064517,1.5695617165618219,2.2704562729650184,1.7454272046740889,0.26298147047755027,1.3341889167559404,0.2071908709673636,1.9839173572771545,0.61100319302984,1.179691302472889
T=0.62,0.62,0.6129032258064517,1.5986180157753556,2.340868693005034,1.7834887976587608,0.27195065210796654,1.3341889167559404,0.2071908709673636,1.9839173572771545,0.61100319302984,1.179691302472889
T=0.62,0.62,0.6129032258064517,1.6282122158022685,2.4129508132910273,1.8222555877171591,0.2807753347277725,1.3341889167559404,0.2071908709673636,1.9839173572771545,0.61100319302984,1.179691302472889
T=0.62,0.62,0.6129032258064517,1.6583542744586905,2.486726461786544,1.86174054778129,0.28945534301879083,1.3341889167559404,0.2071908709673636,1.9839173572771545,0.61100319302984,1.179691302472889
T=0.62,0.62,0.6129032258064517,1.6890543339034803,2.5622196248635314,1.9019569008779784,0.2979906198203518,1.3341889167559404,0.2071908709673636,1.9839173572771545,0.61100319302984,1.179691302472889
T=0.62,0.62,0.6129032258064517,1.7203227240508412,2.639454467248862,1.9429181237808681,0.3063812241771021,1.3341889167559404,0.2071908709673636,1.9839173572771545,0.61100319302984,1.179691302472889
T=0.62,0.62,0.6129032258064517,1.7521699660461154,2.718455353226127,1.984637950794812,0.31462732919998426,1.3341889167559404,0.2071908709673636,1.9839173572771545,0.61100319302984,1.179691302472889
T=0.62,0.62,0.6129032258064517,1.7846067758059292,2.79924686904434,2.027130377674918,0.3227292197475422,1.3341889167559404,0.2071908709673636,1.9839173572771545,0.61100319302984,1.179691302472889
T=0.62,0.62,0.6129032258064517,1.817644067623868,2.881853846478643,2.070409665681902,0.33068728993500585,1.3341889167559404,0.2071908709673636,1.9839173572771545,0.61100319302984,1.179691302472889
T=0.62,0.62,0.6129032258064517,1.8512929578428996,2.9663013874819883,2.114490345774953,0.3385020404788692,1.3341889167559404,0.2071908709673636,1.9839173572771545,0.61100319302984,1.179691302472889
T=0.62,0.62,0.6129032258064517,1.8855647685957924,3.0526148898609464,2.159387222942879,0.3461740758849381,1.3341889167559404,0.2071908709673636,1.9839173572771545,0.61100319302984,1.179691302472889
T=0.62,0.62,0.6129032258064517,1.9204710316147646,3.1408200739032592,2.2051153806738655,0.35370410148806264,1.3341889167559404,0.2071908709673636,1.9839173572771545,0.61100319302984,1.179691302472889
T=0.62,0.62,0.6129032258064517,1.9560234921116717,3.230943009879933,2.2516901855639255,0.36109292035201435,1.3341889167559404,0.2071908709673636,1.9839173572771545,0.61100319302984,1.179691302472889
T=0.62,0.62,0.6129032258064517,1.9922341127300172,3.3230101463400747,2.2991272920637855,0.3683414300381913,1.3341889167559404,0.2071908709673636,1.9839173572771545,0.61100319302984,1.179691302472889
T=0.62,0.62,0.6129032258064517,2.0291150775701223,3.417048339112831,2.3474426473637893,0.3754506192520519,1.3341889167559404,0.2071908709673636,1.9839173572771545,0.61100319302984,1.179691302472889
T=0.62,0.62,0.6129032258064517,2.0666787962888233,3.5130848809275457,2.3966524964162503,0.3824215643764183,1.3341889167559404,0.2071908709673636,1.9839173572771545,0.61100319302984,1.179691302472889
T=0.62,0.62,0.6129032258064517,2.1049379082750517,3.611147531560427,2.446773387094532,0.3892554259009664,1.3341889167559404,0.2071908709673636,1.9839173572771545,0.61100319302984,1.179691302472889
T=0.62,0.62,0.6129032258064517,2.1439052869027146,3.7112645484141624,2.4978221754881416,0.3959534447574583,1.3341889167559404,0.2071908709673636,1.9839173572771545,0.61100319302984,1.179691302472889
T=0.62,0.62,0.6129032258064517,2.183594043862319,3.813464717435608,2.549816031333114,0.4025169385704548,1.3341889167559404,0.2071908709673636,1.9839173572771545,0.61100319302984,1.179691302472889
T=0.62,0.62,0.6129032258064517,2.2240175335727703,3.91777738427597,2.6027724435769395,0.40894729783342953,1.3341889167559404,0.2071908709673636,1.9839173572771545,0.61100319302984,1.179691302472889
T=0.62,0.62,0.6129032258064517,2.265189357674846,4.0242324855982154,2.6567092260774205,0.4152459820204083,1.3341889167559404,0.2071908709673636,1.9839173572771545,0.61100319302984,1.179691302472889
T=0.62,0.62,0.6129032258064517,2.3071233696078646,4.13286058043726,2.711644523434953,0.4214145156433948,1.3341889167559404,0.2071908709673636,1.9839173572771545,0.61100319302984,1.179691302472889
T=0.62,0.62,0.6129032258064517,2.3498336792710672,4.243692881520088,2.767596816957777,0.42745448426601307,1.3341889167559404,0.2071908709673636,1.9839173572771545,0.61100319302984,1.179691302472889
T=0.62,0.62,0.6129032258064517,2.3933346577712964,4.356761286455413,2.824584930759999,0.4333675304839151,1.3341889167559404,0.2071908709673636,1.9839173572771545,0.61100319302984,1.179691302472889
T=0.62,0.62,0.6129032258064517,2.4376409422585708,4.472098408705528,2.8826280379922644,0.4391553498826173,1.3341889167559404,0.2071908709673636,1.9839173572771545,0.61100319302984,1.179691302472889
T=0.62,0.62,0.6129032258064517,2.4827674408511715,4.5897376082568035,2.941745667205209,0.44481968698349883,1.3341889167559404,0.2071908709673636,1.9839173572771545,0.61100319302984,1.179691302472889
T=0.62,0.62,0.6129032258064517,2.528729337651901,4.709713021909742,3.0019577088459393,0.450362331188749,1.3341889167559404,0.2071908709673636,1.9839173572771545,0.61100319302984,1.179691302472889
T=0.62,0.62,0.6129032258064517,2.575542097857218,4.8320595931147015,3.0632844218880755,0.4557851127360699,1.3341889167559404,0.2071908709673636,1.9839173572771545,0.61100319302984,1.179691302472889
T=0.62,0.62,0.6129032258064517,2.62322147296094,4.956813101284932,3.1257464405959743,0.46108989867390004,1.3341889167559404,0.2071908709673636,1.9839173572771545,0.61100319302984,1.179691302472889
T=0.62,0.62,0.6129032258064517,2.671783506054283,5.084010190525014,3.189364781424035,0.4662785888678831,1.3341889167559404,0.2071908709673636,1.9839173572771545,0.61100319302984,1.179691302472889
T=0.62,0.62,0.6129032258064517,2.7212445372240257,5.213688397719409,3.2541608500521657,0.47135311204916364,1.3341889167559404,0.2071908709673636,1.9839173572771545,0.61100319302984,1.179691302472889
T=0.62,0.62,0.6129032258064517,2.7716212090505907,5.345886179933051,3.32015644855859,0.476315421914973,1.3341889167559404,0.2071908709673636,1.9839173572771545,0.61100319302984,1.179691302472889
T=0.62,0.62,0.6129032258064517,2.822930472207926,5.480642941083492,3.3873737827314994,0.4811674932917178,1.3341889167559404,0.2071908709673636,1.9839173572771545,0.61100319302984,1.179691302472889
T=0.62,0.62,0.6129032258064517,2.8751895911670413,5.617999057851907,3.4558354695210776,0.4859113183705597,1.3341889167559404,0.2071908709673636,1.9839173572771545,0.61100319302984,1.179691302472889
T=0.62,0.62,0.6129032258064517,2.9284161500051282,5.757995904808347,3.525564544633676,0.490548903025132,1.3341889167559404,0.2071908709673636,1.9839173572771545,0.61100319302984,1.179691302472889
T=0.62,0.62,0.6129032258064517,2.982628058322237,5.900675878734955,3.5965844702700567,0.49508226322070237,1.3341889167559404,0.2071908709673636,1.9839173572771545,0.61100319302984,1.179691302472889
T=0.62,0.62,0.6129032258064517,3.037843557267468,6.046082422138961,3.6689191430097217,0.499513421523641,1.3341889167559404,0.2071908709673636,1.9839173572771545,0.61100319302984,1.179691302472889
T=0.62,0.62,0.6129032258064517,3.094081225676725,6.194260045955721,3.742592901843521,0.5038444037195977,1.3341889167559404,0.2071908709673636,1.9839173572771545,0.61100319302984,1.179691302472889
T=0.62,0.62,0.6129032258064517,3.1513599863241075,6.345254351450238,3.817630536356864,0.5080772355482697,1.3341889167559404,0.2071908709673636,1.9839173572771545,0.61100319302984,1.179691302472889
T=0.62,0.62,0.6129032258064517,3.209699112289013,6.499112051333493,3.8940572950659136,0.51221393956205,1.3341889167559404,0.2071908709673636,1.9839173572771545,0.61100319302984,1.179691302472889
T=0.62,0.62,0.6129032258064517,3.2691182334411115,6.655880990117898,3.9718988939093145,0.5162565321152577,1.3341889167559404,0.2071908709673636,1.9839173572771545,0.61100319302984,1.179691302472889
T=0.62,0.62,0.6129032258064517,3.329637343045389,6.815610163743494,4.051181524898096,0.5202070204899594,1.3341889167559404,0.2071908709673636,1.9839173572771545,0.61100319302984,1.179691302472889
T=0.62,0.62,0.6129032258064517,3.3912768044894483,6.978349738513645,4.131931864926451,0.5240674001637149,1.3341889167559404,0.2071908709673636,1.9839173572771545,0.61100319302984,1.179691302472889
T=0.62,0.62,0.6129032258064517,3.454057358135349,7.144151069385509,4.214177084746203,0.5278396522238356,1.3341889167559404,0.2071908709673636,1.9839173572771545,0.61100319302984,1.179691302472889
T=0.62,0.62,0.6129032258064517,3.5180001282983056,7.313066717666879,4.297944858107894,0.5315257409320033,1.3341889167559404,0.2071908709673636,1.9839173572771545,0.61100319302984,1.179691302472889
T=0.62,0.62,0.6129032258064517,3.5831266303545637,7.485150468176128,4.383263371071429,0.5351276114422894,1.3341889167559404,0.2071908709673636,1.9839173572771545,0.61100319302984,1.179691302472889
T=0.62,0.62,0.6129032258064517,3.6494587779808607,7.660457345927269,4.470161331489354,0.5386471876748549,1.3341889167559404,0.2071908709673636,1.9839173572771545,0.61100319302984,1.179691302472889
T=0.62,0.62,0.6129032258064517,3.7170188905279193,7.839043632406118,4.558667978665909,0.5420863703467864,1.3341889167559404,0.2071908709673636,1.9839173572771545,0.61100319302984,1.179691302472889
T=0.62,0.62,0.6129032258064517,3.785829700530421,8.020966881507153,4.648813093195027,0.5454470351607228,1.3341889167559404,0.2071908709673636,1.9839173572771545,0.61100319302984,1.179691302472889
T=0.62,0.62,0.6129032258064517,3.8559143613560285,8.206285935203555,4.740627006980595,0.5487310311511475,1.3341889167559404,0.2071908709673636,1.9839173572771545,0.61100319302984,1.179691302472889
T=0.62,0.62,0.6129032258064517,3.9272964549959966,8.395060939024884,4.834140613442284,0.5519401791874214,1.3341889167559404,0.2071908709673636,1.9839173572771545,0.61100319302984,1.179691302472889
T=0.62,0.62,0.6129032258064517,4.0,8.587353357418282,4.929385377910364,0.555076270631881,1.3341889167559404,0.2071908709673636,1.9839173572771545,0.61100319302984,1.179691302472889
